id,lat,lng
100101,13.75155,100.49197
100102,13.74343,100.49895
100103,13.75038,100.49903
100104,13.75035,100.50324
100105,13.75389,100.49716
100106,13.75356,100.50036
100107,13.75773,100.50195
100108,13.75995,100.49743
100109,13.76175,100.49446
100110,13.76153,100.50267
100111,13.76487,100.50562
100112,13.76776,100.49916
100201,13.77218,100.51183
100202,13.77801,100.50468
100203,13.76794,100.52056
100204,13.75714,100.51845
100206,13.78685,100.51954
100301,13.82225,100.89131
100302,13.87400,100.86956
100303,13.91165,100.82153
100304,13.91432,100.88037
100305,13.83284,100.83121
100306,13.87253,100.81146
100307,13.79719,100.83451
100308,13.77895,100.87785
100401,13.73379,100.52111
100402,13.72382,100.52903
100403,13.72647,100.52436
100404,13.72526,100.51445
100405,13.72901,100.52215
100502,13.87185,100.60421
100508,13.86470,100.65587
100601,13.79124,100.63315
100608,13.75698,100.63996
100701,13.74439,100.51968
100702,13.74140,100.52637
100703,13.73981,100.53467
100704,13.73633,100.54521
100801,13.74304,100.51245
100802,13.74875,100.51209
100803,13.75288,100.51327
100804,13.75107,100.50664
100805,13.76003,100.51039
100905,13.69238,100.61252
101001,13.80563,100.72100
101002,13.81229,100.76921
101101,13.72316,100.74946
101102,13.75276,100.72428
101103,13.75453,100.75399
101104,13.76424,100.80322
101105,13.73649,100.81682
101106,13.72998,100.85641
101203,13.69756,100.54169
101204,13.68358,100.52781
101301,13.74077,100.50485
101302,13.74082,100.51035
101303,13.73486,100.51298
101401,13.78021,100.54390
101501,13.73643,100.49241
101502,13.73130,100.49026
101503,13.72239,100.48559
101504,13.71323,100.48376
101505,13.71648,100.47429
101506,13.70549,100.48123
101507,13.71118,100.49118
101601,13.74213,100.48731
101602,13.73433,100.47486
101701,13.77174,100.57759
101702,13.75308,100.58341
101704,13.78255,100.58736
101801,13.73283,100.49898
101802,13.73121,100.50682
101803,13.71319,100.50092
101804,13.72341,100.50249
101901,13.76270,100.45322
101902,13.78913,100.45315
101903,13.78657,100.42657
101904,13.75166,100.44298
101905,13.76823,100.42964
101907,13.74935,100.41775
102004,13.75620,100.48290
102005,13.75309,100.47634
102006,13.77131,100.46700
102007,13.75950,100.46377
102009,13.77360,100.47637
102105,13.58435,100.43001
102107,13.62595,100.41172
102201,13.70556,100.43193
102202,13.72313,100.43773
102206,13.72833,100.45180
102207,13.73720,100.44479
102208,13.73853,100.42333
102209,13.72262,100.46331
102210,13.73367,100.46042
102302,13.67782,100.36012
102303,13.71420,100.35432
102401,13.66933,100.51112
102402,13.67550,100.49450
102501,13.78960,100.49359
102502,13.80120,100.50932
102503,13.78176,100.48206
102504,13.77313,100.49070
102601,13.77768,100.56493
102701,13.79512,100.66257
102704,13.80513,100.64304
102705,13.82870,100.64557
102801,13.71569,100.52148
102802,13.70841,100.52674
102803,13.71511,100.53990
102901,13.81022,100.52976
102902,13.83147,100.52946
103001,13.84331,100.55999
103002,13.84530,100.58415
103003,13.81795,100.58264
103004,13.81088,100.56710
103005,13.81339,100.55189
103101,13.69607,100.49698
103102,13.70582,100.50758
103103,13.69388,100.51541
103201,13.71645,100.68064
103202,13.68605,100.65657
103203,13.68084,100.68991
103301,13.72035,100.55939
103302,13.72333,100.57095
103303,13.71058,100.58993
103401,13.72546,100.62744
103501,13.69589,100.44894
103502,13.70593,100.46913
103503,13.67131,100.46737
103504,13.68911,100.47032
103602,13.93876,100.58650
103604,13.91246,100.58054
103605,13.92133,100.61276
103701,13.76310,100.53030
103702,13.75851,100.53859
103703,13.75298,100.52589
103704,13.75528,100.55330
103801,13.81970,100.60739
103802,13.83712,100.60388
103901,13.74079,100.56143
103902,13.73334,100.58541
103903,13.71710,100.59763
104001,13.69433,100.41732
104002,13.72026,100.39666
104003,13.74007,100.38628
104004,13.68939,100.39476
104101,13.88238,100.56491
104102,13.87299,100.58042
104201,13.92539,100.65757
104202,13.89521,100.67087
104203,13.90040,100.63045
104301,13.81937,100.68665
104302,13.81924,100.66862
104401,13.76538,100.69078
104501,13.77816,100.60058
104502,13.79436,100.60372
104503,13.78768,100.61953
104504,13.76878,100.61667
104601,13.88801,100.71020
104602,13.89820,100.76061
104603,13.84025,100.70826
104604,13.85081,100.74419
104605,13.85104,100.77907
104701,13.66648,100.61911
104801,13.75809,100.36974
104802,13.78177,100.37164
104901,13.64794,100.49458
104902,13.61580,100.49913
105001,13.65666,100.38454
110101,13.60103,100.59906
110102,13.64623,100.61957
110103,13.60583,100.61957
110104,13.55804,100.59519
110108,13.52858,100.66161
110110,13.56469,100.65157
110111,13.62408,100.56579
110112,13.50623,100.74859
110113,13.62173,100.58082
110114,13.62247,100.60633
110115,13.62615,100.62456
110116,13.56857,100.61706
110117,13.57239,100.68841
110201,13.60655,100.86083
110202,13.59872,100.88888
110203,13.60229,100.90565
110204,13.54879,100.81851
110205,13.51439,100.82811
110206,13.65861,100.92523
110207,13.66884,100.88186
110208,13.62553,100.93850
110301,13.62403,100.69659
110302,13.64308,100.66083
110303,13.55726,100.73288
110304,13.63122,100.75243
110308,13.67305,100.73076
110309,13.68162,100.75439
110401,13.65658,100.53273
110402,13.65783,100.52410
110403,13.61367,100.53510
110404,13.62978,100.52785
110405,13.64477,100.54742
110406,13.62967,100.55208
110407,13.63982,100.57824
110408,13.67879,100.55954
110409,13.69526,100.56090
110410,13.67964,100.57833
110411,13.66608,100.56749
110412,13.69326,100.57794
110413,13.66472,100.54390
110414,13.65921,100.58189
110415,13.65201,100.56857
110501,13.53777,100.49364
110502,13.57378,100.47881
110503,13.54474,100.56110
110504,13.60323,100.57346
110505,13.58512,100.53887
110601,13.62511,100.82347
110602,13.68798,100.79557
110603,13.63274,100.79949
120101,13.83823,100.49624
120102,13.84336,100.51054
120103,13.84720,100.53249
120104,13.87103,100.49102
120105,13.88148,100.51534
120106,13.82463,100.49121
120107,13.83871,100.47473
120108,13.84620,100.45580
120109,13.87066,100.46881
120110,13.87025,100.45533
120201,13.80244,100.46964
120202,13.80684,100.49815
120203,13.81925,100.47777
120204,13.81523,100.46014
120205,13.82042,100.44247
120206,13.82095,100.41550
120207,13.80747,100.43176
120208,13.81586,100.40040
120209,13.81386,100.35794
120301,13.83427,100.40672
120302,13.87690,100.37631
120303,13.85299,100.43406
120304,13.87418,100.40409
120305,13.83554,100.35711
120306,13.86022,100.33197
120401,13.91253,100.42149
120402,13.95877,100.37200
120403,13.87828,100.43955
120404,13.90395,100.35173
120405,13.96064,100.40193
120406,13.96074,100.42535
120407,13.92469,100.38041
120408,13.89678,100.41374
120501,13.97899,100.33539
120502,14.06745,100.32194
120503,13.90310,100.30839
120504,14.08919,100.29435
120505,14.00431,100.27886
120506,14.01870,100.31886
120507,13.94605,100.31537
120601,13.91426,100.50068
120602,13.89220,100.52904
120603,13.93099,100.54417
120604,13.92615,100.51225
120605,13.92989,100.49335
120606,13.92881,100.47763
120607,13.89745,100.46896
120608,13.90867,100.47943
120609,13.90906,100.45343
120610,13.96558,100.45177
120611,13.93294,100.45446
120612,13.90218,100.54538
130101,14.01388,100.52537
130102,13.96437,100.55308
130103,14.00759,100.55160
130104,14.01938,100.50916
130105,14.03266,100.55447
130106,13.96094,100.52915
130107,13.96497,100.49390
130108,14.00831,100.49415
130109,13.99473,100.49291
130110,14.05060,100.59008
130111,13.98884,100.58496
130112,13.98421,100.54712
130113,14.01337,100.57862
130114,13.96168,100.58784
130201,14.07184,100.61066
130202,14.08137,100.64226
130203,14.08978,100.66404
130204,14.09606,100.68702
130205,14.10585,100.71000
130206,14.11845,100.73241
130207,14.12615,100.74953
130301,13.98704,100.63314
130302,14.00239,100.68602
130303,14.01949,100.73289
130304,14.03671,100.77831
130305,14.05259,100.82380
130306,14.07117,100.88072
130401,14.10898,100.82368
130402,14.08810,100.77831
130403,14.20570,100.82325
130404,14.17254,100.77793
130405,14.12869,100.87989
130406,14.21771,100.89690
130407,14.21460,100.86290
130501,14.05777,100.39735
130502,14.01462,100.41211
130503,14.05093,100.46886
130504,14.06806,100.43649
130505,13.99327,100.44946
130506,14.08784,100.40903
130507,14.04491,100.35876
130601,13.95497,100.63807
130602,13.95517,100.68421
130603,13.96527,100.72752
130604,13.97372,100.77225
130605,13.98778,100.81996
130606,13.97264,100.86239
130607,14.03695,100.88012
130608,13.97409,100.89822
130701,14.08099,100.47316
130702,14.09461,100.48023
130703,14.05363,100.53037
130704,14.04498,100.54677
130705,14.04437,100.51045
130706,14.06057,100.57624
130707,14.07346,100.55192
130708,14.08196,100.53860
130709,14.10588,100.56728
130710,14.10232,100.52995
130711,14.11232,100.50789
140101,14.35086,100.56066
140102,14.34293,100.58051
140103,14.35638,100.57801
140104,14.36654,100.57995
140105,14.35996,100.56454
140106,14.35250,100.59383
140107,14.30946,100.53027
140108,14.36555,100.54193
140109,14.33828,100.56276
140110,14.38961,100.55803
140111,14.32820,100.56151
140112,14.38729,100.54029
140113,14.37459,100.60119
140114,14.37430,100.54983
140115,14.38694,100.51671
140116,14.38948,100.58685
140117,14.33470,100.60145
140118,14.37077,100.56315
140119,14.32251,100.58133
140120,14.34794,100.52911
140121,14.31315,100.55607
140201,14.56740,100.72091
140202,14.54840,100.73975
140203,14.54636,100.76209
140204,14.58032,100.68290
140205,14.53356,100.70157
140206,14.54159,100.65737
140207,14.52368,100.67659
140208,14.50674,100.68348
140209,14.51136,100.72649
140210,14.54364,100.71985
140301,14.47123,100.62748
140302,14.52254,100.64286
140303,14.40732,100.59934
140304,14.45903,100.65325
140305,14.44102,100.61326
140306,14.46682,100.58619
140307,14.48972,100.60316
140308,14.49641,100.61805
140309,14.42389,100.64178
140310,14.42037,100.61234
140311,14.49038,100.67554
140312,14.51450,100.62586
140401,14.19458,100.48188
140402,14.20304,100.45956
140403,14.21102,100.51873
140404,14.22889,100.50655
140405,14.31423,100.46220
140406,14.29981,100.44513
140407,14.30657,100.47493
140408,14.27844,100.47095
140409,14.27533,100.44577
140410,14.28021,100.50771
140411,14.30806,100.50099
140412,14.25230,100.50627
140413,14.26138,100.47579
140414,14.22304,100.43570
140415,14.19315,100.43257
140416,14.16438,100.47704
140417,14.13854,100.48349
140418,14.23582,100.46491
140419,14.18424,100.51764
140420,14.16447,100.52104
140421,14.13887,100.53421
140422,14.12963,100.56347
140423,14.12743,100.49922
140501,14.41022,100.45889
140502,14.38857,100.47599
140503,14.40840,100.48597
140504,14.36297,100.48897
140505,14.36029,100.50600
140506,14.36262,100.46657
140507,14.34692,100.45588
140508,14.33353,100.49286
140509,14.33610,100.43738
140510,14.37325,100.43189
140511,14.38547,100.42541
140512,14.40589,100.43269
140513,14.41753,100.43157
140514,14.43599,100.43017
140515,14.42966,100.45760
140516,14.43245,100.48756
140601,14.22792,100.57883
140602,14.16009,100.58983
140603,14.27196,100.58701
140604,14.30362,100.60107
140605,14.18048,100.55460
140606,14.21518,100.61318
140607,14.26142,100.61136
140608,14.25601,100.56334
140609,14.28426,100.54600
140610,14.28478,100.64161
140611,14.20665,100.54846
140612,14.21837,100.55718
140613,14.24021,100.55210
140614,14.30393,100.62456
140615,14.26183,100.62674
140616,14.29009,100.66778
140617,14.26884,100.55036
140618,14.29649,100.57595
140701,14.45669,100.55973
140702,14.41757,100.56235
140703,14.43413,100.57843
140704,14.49040,100.55694
140705,14.51247,100.54327
140706,14.49958,100.57410
140707,14.51564,100.51638
140708,14.47267,100.52964
140709,14.49294,100.53295
140710,14.47384,100.50279
140711,14.49277,100.50993
140712,14.44745,100.53580
140713,14.44861,100.51659
140714,14.41981,100.54669
140715,14.41782,100.52406
140716,14.52304,100.56102
140717,14.53163,100.58514
140801,14.46283,100.38173
140802,14.47177,100.36186
140803,14.49282,100.41302
140804,14.48193,100.39674
140805,14.44561,100.37488
140806,14.41639,100.38554
140807,14.43035,100.27883
140808,14.46791,100.27209
140809,14.43754,100.40501
140810,14.41988,100.31753
140811,14.49899,100.38775
140812,14.44676,100.32632
140813,14.47327,100.32218
140814,14.42182,100.35711
140815,14.48911,100.36114
140816,14.43426,100.38440
140901,14.44048,100.72932
140902,14.42248,100.74431
140903,14.38785,100.77141
140904,14.45724,100.74867
140905,14.48072,100.73670
140906,14.47223,100.70159
140907,14.42407,100.69609
140908,14.43504,100.67036
141001,14.19147,100.32184
141002,14.19407,100.26214
141003,14.14209,100.31522
141004,14.16332,100.37814
141005,14.13349,100.42963
141006,14.19186,100.38372
141007,14.13457,100.37289
141101,14.26724,100.70667
141102,14.24521,100.67667
141103,14.20025,100.69828
141104,14.21078,100.66145
141105,14.29414,100.80804
141106,14.17031,100.64318
141107,14.29296,100.76081
141108,14.22736,100.75409
141109,14.24856,100.80137
141110,14.26345,100.75785
141201,14.32774,100.40454
141202,14.34160,100.41364
141203,14.30776,100.38011
141204,14.30511,100.40008
141205,14.29083,100.42299
141206,14.37310,100.39235
141207,14.24684,100.37657
141208,14.34709,100.39236
141209,14.34605,100.36856
141210,14.39251,100.39544
141211,14.29686,100.35111
141212,14.26191,100.34835
141213,14.24404,100.40728
141214,14.38179,100.36409
141215,14.24618,100.30875
141216,14.27262,100.40175
141217,14.33174,100.36928
141301,14.31526,100.28855
141302,14.31158,100.32864
141303,14.34273,100.31424
141304,14.37863,100.31036
141305,14.23583,100.25686
141306,14.27918,100.30015
141401,14.33578,100.64444
141402,14.31908,100.67763
141403,14.34807,100.72534
141404,14.37579,100.70442
141405,14.37924,100.74392
141406,14.36678,100.66012
141407,14.39586,100.69752
141408,14.31922,100.71040
141409,14.33447,100.75554
141410,14.35095,100.62295
141411,14.38694,100.63119
141501,14.53438,100.51749
141502,14.54282,100.55369
141503,14.54669,100.53292
141504,14.56247,100.54925
141505,14.57572,100.58255
141506,14.60286,100.56513
141507,14.58252,100.53418
141508,14.60727,100.54022
141509,14.60734,100.50812
141510,14.57248,100.51398
141511,14.56409,100.49256
141512,14.52858,100.50103
141601,14.64639,100.57963
141602,14.65293,100.58525
141603,14.63500,100.56537
141604,14.64555,100.54887
141605,14.64842,100.52022
150101,14.58693,100.45738
150102,14.58553,100.44681
150103,14.60265,100.44144
150104,14.61357,100.41432
150105,14.56943,100.44174
150106,14.61029,100.46757
150107,14.56975,100.39752
150108,14.58327,100.47595
150109,14.54847,100.47763
150110,14.53865,100.42977
150111,14.55621,100.45183
150112,14.61029,100.48251
150113,14.57190,100.42321
150114,14.61326,100.44958
150201,14.65689,100.48493
150202,14.71061,100.45616
150203,14.63686,100.48041
150204,14.64578,100.44958
150205,14.67496,100.44494
150206,14.70699,100.43826
150207,14.68954,100.46988
150208,14.68045,100.48551
150209,14.68441,100.50326
150301,14.50637,100.46143
150302,14.49679,100.44163
150303,14.51180,100.48118
150304,14.48796,100.46802
150305,14.46043,100.47759
150306,14.52520,100.42082
150307,14.49521,100.42861
150308,14.45370,100.43939
150401,14.66760,100.39580
150402,14.65197,100.42780
150403,14.64204,100.40626
150404,14.70408,100.34458
150405,14.68796,100.25022
150406,14.70104,100.42559
150407,14.61470,100.37712
150408,14.73130,100.39410
150409,14.68666,100.37402
150410,14.66113,100.29643
150411,14.63738,100.37277
150412,14.67877,100.35447
150413,14.63914,100.39113
150414,14.69551,100.40205
150415,14.66422,100.34162
150501,14.76758,100.30912
150502,14.72215,100.32796
150503,14.72046,100.28696
150504,14.73402,100.23984
150505,14.77135,100.24213
150506,14.77587,100.33813
150507,14.74135,100.36499
150601,14.59333,100.36844
150602,14.59694,100.34198
150603,14.53436,100.39412
150604,14.54687,100.22087
150605,14.56384,100.33343
150606,14.58848,100.30952
150607,14.51118,100.33494
150608,14.54861,100.28192
150609,14.52914,100.33955
150610,14.50480,100.24603
150611,14.54821,100.37014
150612,14.63653,100.33428
150613,14.58149,100.38695
150614,14.51173,100.28915
150615,14.53872,100.31433
150701,14.60951,100.24151
150702,14.61631,100.28999
150703,14.59833,100.22453
150704,14.56452,100.25283
150705,14.64101,100.24373
160101,14.80853,100.63218
160102,14.80248,100.61142
160103,14.76438,100.68322
160104,14.67212,100.59181
160105,14.90721,100.67115
160106,14.83082,100.67600
160107,14.89276,100.57726
160108,14.74209,100.64087
160109,14.86413,100.82725
160110,14.70657,100.59006
160111,14.68510,100.62769
160112,14.73463,100.60055
160114,14.86594,100.62037
160115,14.79532,100.68486
160116,14.82924,100.74289
160117,14.83580,100.57165
160118,14.68044,100.53087
160119,14.72380,100.56365
160120,14.76952,100.64520
160121,14.82036,100.60275
160122,14.77189,100.59705
160123,14.73517,100.53333
160124,14.68516,100.55942
160125,14.82892,100.62773
160201,14.89418,100.96864
160202,14.79265,100.90461
160203,14.93738,101.06325
160204,14.90571,100.89407
160205,14.99191,100.95787
160206,14.78722,100.98520
160207,14.84081,101.04398
160208,14.95526,101.24627
160209,14.95339,101.15393
160301,15.07009,100.72444
160302,15.13581,100.73926
160303,15.06560,100.67759
160304,15.01944,100.64096
160305,14.97934,100.68308
160306,14.99791,100.75717
160307,15.12541,100.79603
160308,15.03316,100.81234
160309,15.05875,100.87458
160310,15.12537,100.88037
160318,15.02085,100.69179
160320,15.09817,100.67338
160322,15.13887,100.67879
160401,15.20185,101.12099
160402,15.19737,101.04551
160403,15.31609,101.07435
160404,15.15652,101.04214
160405,15.08657,101.02552
160406,15.16682,101.25114
160407,15.15306,101.13575
160408,15.04974,101.05011
160409,15.11727,101.33105
160410,15.22349,101.30115
160411,15.25674,101.25588
160412,15.31834,101.24622
160414,15.19575,101.16480
160417,15.27157,101.13653
160418,15.11610,101.07667
160419,15.25813,101.03438
160422,15.11836,100.97647
160501,14.81447,100.49387
160502,14.80573,100.53024
160503,14.80380,100.56031
160504,14.88455,100.54133
160505,14.86001,100.47737
160506,14.88473,100.48180
160507,14.90621,100.47322
160508,14.77980,100.49296
160509,14.76438,100.54316
160510,14.71117,100.49880
160511,14.88146,100.51047
160601,15.08596,100.46949
160602,15.04741,100.57299
160603,15.04156,100.56840
160604,15.08477,100.63919
160605,14.94533,100.50555
160606,14.95037,100.60129
160607,15.06135,100.58720
160608,14.99861,100.49859
160609,15.00265,100.59427
160610,15.06936,100.60943
160611,14.96013,100.55620
160612,15.03701,100.55555
160613,14.95558,100.46373
160614,15.14407,100.61014
160615,15.21565,100.61009
160616,15.15041,100.53611
160617,15.09187,100.51147
160618,15.03005,100.48305
160619,15.04105,100.54032
160620,15.05540,100.51429
160621,15.12893,100.57160
160622,15.01102,100.54272
160701,15.07730,101.15109
160702,15.01193,101.08845
160703,15.02816,101.22823
160704,15.12281,101.20627
160705,15.02145,101.16780
160706,15.03686,101.31115
160801,15.22331,100.84443
160802,15.27940,100.87826
160803,15.16972,100.81540
160804,15.17937,100.79069
160805,15.22088,100.93887
160901,15.40268,100.78184
160902,15.35829,100.93904
160903,15.48806,100.86782
160904,15.42382,100.86767
160905,15.34876,100.85303
161001,15.33346,101.36557
161002,15.19697,101.34902
161003,15.25150,101.32461
161004,15.57351,101.34068
161005,15.37567,101.32865
161006,15.10138,101.37236
161101,15.24939,100.65243
161102,15.29222,100.65021
161103,15.38180,100.68681
161104,15.29019,100.76587
161105,15.24489,100.70680
161106,15.17350,100.66864
170101,14.88809,100.40486
170102,14.90761,100.40407
170103,14.94172,100.39465
170104,14.86867,100.43291
170105,14.96655,100.43095
170106,14.86823,100.40234
170107,14.83702,100.40313
170108,14.91254,100.35935
170201,14.89054,100.33347
170202,14.86616,100.32780
170203,14.90889,100.27591
170204,14.92878,100.29435
170205,14.93511,100.32546
170206,14.85637,100.28307
170207,14.92091,100.22114
170208,14.87362,100.23857
170301,14.83233,100.25597
170302,14.79919,100.29774
170303,14.82678,100.34664
170304,14.83908,100.37842
170305,14.82112,100.30145
170306,14.81953,100.22406
170401,14.75453,100.43202
170402,14.83802,100.44809
170403,14.78447,100.45709
170404,14.74733,100.46739
170405,14.80998,100.45997
170406,14.82521,100.42414
170407,14.80188,100.42912
170501,14.76934,100.38058
170502,14.78134,100.36623
170503,14.80312,100.39121
170504,14.77041,100.40748
170601,15.00798,100.33114
170602,15.04018,100.29102
170603,14.96507,100.32361
170604,14.99786,100.39105
170605,15.08504,100.32865
170606,15.04675,100.33953
170607,14.97817,100.37388
170608,15.05011,100.38874
170609,15.00092,100.29160
170610,15.02807,100.44285
180101,15.18037,100.12714
180102,15.18942,100.14685
180103,15.15807,100.11308
180104,15.13182,100.15073
180105,15.21977,100.13798
180106,15.21237,100.08505
180107,15.24214,100.10402
180108,15.23616,100.22307
180109,15.13353,100.06968
180201,15.29206,100.10237
180202,15.32290,100.13485
180203,15.35453,100.11761
180204,15.37987,100.14134
180205,15.29248,100.16112
180206,15.33291,100.23070
180207,15.27087,100.22551
180301,15.26211,100.04033
180302,15.22282,100.03952
180303,15.17556,100.01418
180304,15.28061,100.01955
180306,15.24339,99.97341
180307,15.27238,99.95824
180311,15.17274,99.92466
180401,15.13502,100.23182
180402,15.19521,100.21539
180403,15.14615,100.31358
180404,15.08675,100.27146
180405,15.10865,100.30412
180406,15.15099,100.19226
180407,15.16463,100.25908
180501,15.05219,100.12324
180502,15.07745,100.17279
180503,15.09662,100.20340
180504,14.99999,100.24137
180505,14.99451,100.19804
180506,14.97841,100.13005
180507,14.96492,100.24021
180508,15.06934,100.23102
180601,15.01674,100.00544
180602,14.94756,100.00253
180605,15.08096,99.87159
180606,15.10735,99.94696
180607,15.09651,100.05138
180608,15.00099,100.05611
180609,15.03138,99.93661
180611,15.06654,100.02196
180701,15.23969,99.80893
180702,15.27849,99.80305
180703,15.18819,99.82326
180704,15.25711,99.91365
180801,14.97681,99.89596
180802,15.05677,99.80342
180803,14.96646,99.78890
190101,14.53052,100.91022
190105,14.56395,100.90100
190106,14.53951,100.88137
190107,14.50918,100.89088
190108,14.48902,100.86501
190109,14.47024,100.89676
190110,14.50213,100.94022
190111,14.45323,100.96447
190112,14.50849,100.96993
190113,14.54929,100.96545
190114,14.55041,100.93523
190201,14.58669,101.00308
190202,14.60021,101.08794
190203,14.56198,101.00053
190204,14.47501,101.00950
190205,14.70045,101.00869
190206,14.75737,101.02723
190207,14.62533,100.99841
190208,14.61686,101.02527
190209,14.66580,100.99664
190210,14.41115,101.13668
190211,14.64209,100.96467
190212,14.59700,100.95601
190213,14.52091,101.08673
190215,14.46314,101.09126
190301,14.33542,100.86996
190302,14.31020,100.86626
190303,14.38926,100.80962
190304,14.42414,100.78030
190305,14.38525,100.92768
190306,14.42049,100.83818
190307,14.32269,100.83683
190308,14.42280,100.81650
190309,14.40916,100.88085
190310,14.41678,100.92834
190311,14.37026,100.87457
190312,14.33976,100.79808
190313,14.43336,100.85892
190314,14.33260,100.90737
190315,14.44700,100.90657
190316,14.38976,100.85959
190317,14.36357,100.81719
190318,14.27563,100.85693
190401,14.29160,100.94181
190402,14.38967,100.97502
190403,14.36452,101.03597
190404,14.31425,100.99081
190405,14.33229,100.97261
190406,14.38391,101.01167
190501,14.50408,100.76851
190502,14.48822,100.79188
190503,14.48299,100.81824
190504,14.51020,100.83329
190505,14.45566,100.77693
190506,14.51376,100.79819
190507,14.45643,100.80404
190508,14.46294,100.83427
190509,14.49335,100.84112
190601,14.62037,100.72132
190602,14.59182,100.72444
190603,14.62841,100.75991
190604,14.64907,100.71420
190605,14.63532,100.67984
190606,14.60289,100.68114
190607,14.57897,100.65226
190608,14.58517,100.77519
190609,14.61978,100.78162
190701,14.59500,100.62280
190702,14.62661,100.63421
190703,14.57972,100.61079
190704,14.62627,100.59721
190801,14.68262,100.70452
190802,14.72986,100.68424
190803,14.66948,100.65937
190804,14.71551,100.70884
190901,14.72945,100.77676
190902,14.71714,100.81299
190903,14.76612,100.80672
190904,14.76766,100.75502
190905,14.74941,100.88372
190906,14.67988,100.83044
190907,14.63110,100.82282
190908,14.68321,100.78681
190909,14.71589,100.74967
191001,14.53834,100.84983
191002,14.57945,100.81512
191003,14.62977,100.85628
191004,14.58365,100.84741
191005,14.56388,100.84800
191006,14.57284,100.88319
191007,14.58937,100.86283
191008,14.58349,100.87367
191009,14.54643,100.80536
191010,14.55812,100.78632
191011,14.53815,100.82785
191012,14.54025,100.86887
191101,14.71969,101.15703
191102,14.57016,101.18127
191104,14.78912,101.26374
191105,15.00119,101.38528
191107,14.88800,101.36884
191109,14.90022,101.25553
191201,14.75243,101.10795
191202,14.81657,101.12079
191203,14.86403,101.15148
191301,14.62508,100.92645
191302,14.58915,100.94094
191303,14.59031,100.91879
191304,14.65639,100.90595
191305,14.60351,100.89428
191306,14.70984,100.89654
200101,13.36315,100.98292
200102,13.37149,100.99008
200103,13.37426,100.98374
200104,13.27801,100.92953
200105,13.35964,101.00178
200106,13.31717,101.05012
200107,13.38672,101.02412
200108,13.30640,101.00899
200109,13.42105,101.04133
200110,13.41001,101.00003
200111,13.38764,100.99042
200112,13.44377,100.99168
200113,13.26096,100.95669
200114,13.30516,100.93075
200115,13.30908,100.97140
200116,13.31900,100.94985
200117,13.32572,100.93130
200118,13.37377,101.05504
200201,13.30012,101.11602
200202,13.18856,101.15618
200203,13.36044,101.10016
200204,13.32648,101.07870
200205,13.35240,101.15853
200206,13.29748,101.17507
200207,13.28127,101.25326
200208,13.20683,101.25778
200301,13.15690,101.38446
200302,13.11396,101.47075
200303,13.12068,101.29420
200304,13.21526,101.32054
200305,13.07443,101.43100
200401,13.04005,100.93105
200402,12.91688,100.90912
200403,12.97990,100.96899
200404,12.92166,100.98477
200405,12.94596,101.05229
200406,12.82642,100.98847
200407,13.01478,101.00647
200408,12.96810,100.90155
200501,13.46486,101.09913
200502,13.40946,101.07387
200503,13.42612,101.12350
200504,13.43079,101.09744
200505,13.39213,101.11179
200506,13.53932,101.10770
200507,13.45234,101.04733
200508,13.50478,101.10002
200509,13.48324,101.05863
200510,13.52805,101.07913
200511,13.54512,101.06844
200601,13.44998,101.18089
200602,13.46880,101.14882
200603,13.51202,101.16410
200604,13.44234,101.14267
200605,13.40567,101.25070
200606,13.37224,101.23250
200607,13.55770,101.23073
200608,13.50236,101.14172
200609,13.44659,101.16325
200610,13.52732,101.23512
200611,13.55845,101.17344
200613,13.51120,101.25028
200614,13.40112,101.14819
200615,13.38657,101.18602
200616,13.46806,101.29102
200617,13.44380,101.25820
200618,13.44626,101.19795
200620,13.52704,101.12931
200621,13.48458,101.18388
200622,13.42464,101.17730
200701,13.17024,100.92874
200702,13.14229,100.93414
200703,13.08922,100.91066
200704,13.07054,100.99681
200705,13.13515,101.04548
200706,13.11000,101.14569
200707,13.22095,100.99991
200708,13.05240,101.08238
200801,13.15261,100.80945
200901,12.68401,100.88387
200902,12.80239,100.91880
200903,12.69903,100.95260
200904,12.74457,100.92534
200905,12.61987,100.94292
201001,13.18975,101.49826
201002,13.32766,101.41642
201003,13.30679,101.31235
201004,13.26326,101.38725
201005,13.32200,101.51103
201006,13.22156,101.62522
201101,13.40742,101.42630
201102,13.38644,101.30632
210101,12.67202,101.27738
210102,12.68308,101.30541
210103,12.65800,101.36494
210104,12.66481,101.25475
210105,12.62590,101.41277
210106,12.66551,101.46704
210107,12.70419,101.37596
210108,12.73183,101.36457
210109,12.69309,101.19385
210110,12.76589,101.49776
210111,12.71776,101.22689
210112,12.72530,101.26345
210113,12.75477,101.12767
210114,12.70125,101.15023
210115,12.75737,101.43854
210201,12.75645,101.03674
210202,12.69608,101.02381
210203,12.73963,101.07548
210301,12.78081,101.65623
210302,12.78631,101.59394
210303,12.70321,101.59151
210304,12.71096,101.65722
210305,12.66638,101.63480
210306,12.67385,101.55489
210307,12.90297,101.60450
210308,12.84164,101.67562
210309,12.80677,101.72930
210310,12.82376,101.79786
210311,12.74563,101.72806
210312,12.72855,101.77486
210313,12.71807,101.71192
210317,12.77492,101.56087
210318,12.75233,101.54898
210401,12.86119,101.54752
210402,12.99580,101.55505
210403,13.00995,101.47563
210404,12.90093,101.54695
210501,12.77140,101.30305
210502,12.82625,101.25437
210503,12.76079,101.25079
210504,12.72969,101.30831
210505,12.85314,101.39171
210506,12.89937,101.34632
210507,12.80873,101.40192
210601,12.97814,101.22938
210602,13.04266,101.22337
210603,12.97128,101.32271
210604,12.90880,101.23422
210605,12.97681,101.13617
210606,13.00647,101.36678
210701,12.89452,101.75845
210702,13.04641,101.67415
210703,12.93906,101.64951
210704,13.06048,101.61344
210801,12.84250,101.18261
210802,12.78383,101.18626
210803,12.89866,101.13463
210804,12.85494,101.10813
220101,12.59474,102.09756
220102,12.60953,102.10506
220103,12.57671,102.16382
220104,12.56452,102.10257
220105,12.53694,102.17340
220106,12.63231,102.10119
220107,12.61087,102.12203
220108,12.56569,102.05794
220109,12.69454,102.10161
220110,12.54122,102.12402
220111,12.60326,102.16556
220201,12.45733,102.22396
220202,12.43678,102.29530
220203,12.47741,102.20532
220204,12.49010,102.17198
220205,12.35702,102.27310
220206,12.43989,102.24563
220207,12.48721,102.27004
220208,12.60367,102.26264
220209,12.54922,102.29590
220210,12.53696,102.25470
220211,12.62846,102.32155
220212,12.71640,102.37932
220301,12.62811,101.99065
220302,12.60790,102.01619
220303,12.57981,102.02502
220304,12.59650,102.03051
220305,12.61708,102.05006
220306,12.66091,102.05912
220307,12.71249,102.05592
220308,12.71336,102.01234
220309,12.77862,101.96471
220311,12.66623,101.91834
220312,12.62280,101.93319
220313,12.57912,101.97280
220314,12.56944,101.92068
220324,12.84444,101.93976
220401,12.93501,102.25551
220402,12.89323,102.37529
220404,13.07838,102.38962
220409,13.05790,102.44833
220410,12.87343,102.47163
220501,12.68197,102.19354
220502,12.68822,102.15129
220503,12.75012,102.26974
220504,12.76334,102.15853
220506,12.80645,102.21807
220508,12.64079,102.22749
220601,12.46892,102.11253
220602,12.39756,102.16736
220603,12.42593,102.17796
220604,12.50504,102.14962
220605,12.50417,102.12577
220606,12.50930,102.10121
220607,12.51051,102.04907
220701,13.17638,102.19411
220702,13.24467,102.32287
220703,13.24817,102.16848
220704,13.10732,102.24941
220705,13.15378,102.32460
220801,12.97714,101.91628
220802,13.15088,101.96020
220803,12.98100,101.82531
220804,13.09733,101.78247
220805,12.89592,101.83811
220901,12.78141,101.85101
220902,12.69627,101.93442
220903,12.68939,101.86218
220904,12.66461,101.88268
220905,12.70458,101.82008
220906,12.82165,101.88784
221001,12.79918,102.06402
221002,12.82526,102.12567
221003,12.90025,102.14080
221004,12.94083,102.02035
221005,13.07863,102.09223
230101,12.24827,102.51574
230102,12.21403,102.50566
230103,12.21472,102.46436
230104,12.19123,102.54176
230105,12.13694,102.52097
230106,12.08005,102.56206
230107,12.26591,102.47373
230108,12.38162,102.58116
230109,12.28190,102.54481
230110,12.24162,102.58705
230111,12.34492,102.66759
230112,12.25012,102.66562
230113,12.19471,102.66451
230114,12.06519,102.74892
230201,11.80015,102.87193
230202,11.90789,102.79920
230203,11.70435,102.90890
230301,12.35494,102.42698
230302,12.38659,102.39083
230303,12.46159,102.51374
230304,12.30129,102.35009
230305,12.56819,102.43914
230306,12.51930,102.37210
230307,12.46110,102.43644
230308,12.38201,102.46802
230401,12.57820,102.54928
230402,12.62543,102.49017
230403,12.46763,102.65588
230404,12.68301,102.44359
230405,12.55223,102.61983
230501,12.19087,102.41529
230502,12.20313,102.44183
230503,12.24749,102.30469
230507,12.23405,102.36427
230601,11.81549,102.46814
230602,11.66218,102.56803
230701,12.07930,102.32251
230702,12.00247,102.36074
240101,13.68512,101.06333
240102,13.73474,101.05917
240103,13.70666,101.10207
240104,13.64904,101.10129
240105,13.67114,101.09570
240106,13.67627,101.11038
240107,13.68754,101.12693
240108,13.73749,101.11566
240109,13.75269,101.07727
240110,13.76417,101.01061
240111,13.72144,101.03133
240112,13.67757,101.04093
240113,13.64949,101.04534
240114,13.67073,101.00965
240115,13.74772,100.97306
240116,13.71188,100.93634
240117,13.73729,100.92307
240118,13.74915,100.90185
240119,13.70807,100.99507
240201,13.72457,101.21315
240204,13.69700,101.17988
240208,13.85014,101.20334
240209,13.74070,101.22939
240210,13.69032,101.23014
240211,13.68626,101.15226
240212,13.67560,101.19714
240213,13.64358,101.18666
240214,13.80657,101.21940
240301,13.82570,100.99552
240302,13.85870,101.11514
240303,13.90739,101.04405
240304,13.87228,101.04340
240305,13.90729,100.92575
240306,13.94587,101.04463
240307,13.92690,101.12689
240308,13.90725,100.96436
240309,13.81332,100.94584
240310,13.81135,101.06565
240401,13.49451,100.94999
240402,13.55304,101.00186
240403,13.56807,100.96389
240404,13.55208,100.93948
240405,13.52308,101.05045
240406,13.52378,100.93089
240407,13.50159,100.89232
240408,13.59645,100.98435
240409,13.60644,100.94493
240410,13.48620,101.02274
240411,13.54036,100.90441
240412,13.52889,101.01573
240501,13.58891,101.08584
240502,13.68090,100.95949
240503,13.62552,101.15859
240504,13.57950,101.05288
240505,13.63057,101.02127
240506,13.63023,101.12876
240507,13.64487,100.98571
240508,13.61837,101.07258
240509,13.57924,101.10970
240510,13.61923,101.09892
240511,13.55838,101.07198
240512,13.63434,101.08181
240513,13.59148,101.20519
240514,13.60451,101.02395
240515,13.60472,101.04974
240516,13.58317,101.01065
240517,13.59711,101.14679
240601,13.69292,101.40532
240602,13.80249,101.40307
240603,13.76918,101.32580
240604,13.72890,101.31681
240605,13.81718,101.35081
240606,13.72445,101.34910
240607,13.65292,101.33499
240608,13.74899,101.50302
240701,13.78514,101.27786
240702,13.72209,101.26885
240703,13.83364,101.29130
240801,13.61851,101.47419
240802,13.60595,101.67225
240803,13.67872,101.75165
240805,13.55336,101.47269
240901,13.60347,101.26660
240902,13.55151,101.31339
240903,13.62308,101.30966
240904,13.48941,101.39682
241001,13.49770,101.68113
241002,13.33856,101.77515
241101,13.76951,101.13693
241102,13.78426,101.16886
241103,13.72082,101.14805
241104,13.82316,101.13937
241105,13.73539,101.16633
250101,14.05833,101.36788
250102,14.05976,101.33445
250103,14.03691,101.30971
250104,13.99721,101.35068
250105,14.02428,101.41086
250106,14.03196,101.43564
250107,14.07387,101.39589
250108,14.11695,101.38814
250109,14.14597,101.30834
250110,14.11721,101.33444
250111,14.13148,101.43753
250112,14.20728,101.39797
250113,14.08532,101.46680
250201,13.94338,101.70694
250202,13.99502,101.76658
250203,14.00151,101.64642
250204,14.05962,101.66261
250205,13.87255,101.77954
250206,13.84577,101.87564
250207,13.95287,101.63924
250208,13.86387,101.66542
250209,13.98739,101.86722
250210,13.94412,101.84984
250211,14.07427,101.84402
250212,14.04714,101.72631
250213,13.78850,101.75497
250214,13.69951,101.88722
250301,14.19888,101.78445
250302,14.09727,101.77922
250303,14.23695,101.69667
250304,14.14833,101.91444
250305,14.10516,102.02329
250306,14.26310,101.87902
250601,14.01322,101.22133
250602,13.98474,101.20740
250603,13.96668,101.17319
250604,13.92482,101.20969
250605,13.88782,101.18796
250606,13.99728,101.28256
250607,13.92243,101.30727
250608,13.89670,101.27540
250609,13.88483,101.34366
250701,14.04655,101.48519
250702,14.02419,101.51937
250703,14.00629,101.54850
250704,14.05208,101.56613
250705,14.05830,101.59425
250706,14.11256,101.60536
250707,14.27949,101.60296
250708,14.13908,101.52815
250709,14.26543,101.49828
250801,13.86325,101.56296
250802,13.99680,101.47825
250803,13.97950,101.57227
250804,13.93601,101.56765
250805,13.97245,101.47708
250806,13.96922,101.42516
250807,13.84713,101.54952
250808,13.86834,101.49567
250809,13.98781,101.43017
250810,13.81976,101.61793
250901,13.89317,101.40888
250902,13.82694,101.48173
250903,13.92596,101.40693
250904,13.92172,101.37270
260101,14.20424,101.21383
260102,14.18868,101.17274
260103,14.21093,101.21375
260104,14.17615,101.21282
260105,14.18406,101.12215
260106,14.13274,101.10945
260107,14.05950,101.15105
260108,14.13270,101.16957
260109,14.22000,101.27887
260110,14.36195,101.26894
260111,14.35307,101.32701
260112,14.29857,101.21756
260113,14.27150,101.16523
260201,14.16526,101.26057
260202,14.15659,101.23132
260203,14.11530,101.29143
260204,14.17765,101.30633
260205,14.08540,101.23862
260206,14.21574,101.30792
260207,14.28779,101.42255
260301,14.26306,101.06156
260302,14.23540,101.10971
260303,14.28703,101.00643
260304,14.22618,101.01125
260305,14.20320,101.02790
260306,14.17188,101.06471
260307,14.24223,101.03227
260308,14.29975,101.06263
260309,14.37141,101.10560
260310,14.30575,101.11837
260401,13.98659,101.01752
260402,14.05414,100.93708
260403,14.04402,101.00251
260404,14.20518,100.95465
260405,14.03631,101.11280
260406,14.13630,101.01926
260407,14.16767,100.97658
260408,14.04852,101.06224
260409,14.10017,101.00533
260410,13.98905,100.93684
260411,14.10687,100.94480
270101,13.80281,102.07770
270102,13.96455,101.97590
270103,13.83810,101.96211
270104,14.00106,102.11888
270105,14.04044,102.23756
270106,13.76595,102.17033
270108,13.77067,102.02541
270111,13.86695,102.12272
270201,13.43559,102.31816
270202,13.40092,102.25283
270203,13.51917,102.22909
270204,13.59255,102.22086
270205,13.34794,102.29316
270206,13.53987,102.29569
270207,13.59153,102.29954
270301,13.95793,102.75828
270302,14.04745,102.84452
270306,14.07501,102.65535
270307,14.11623,102.84709
270309,13.95788,102.64691
270401,13.51959,102.15097
270403,13.50899,102.10584
270405,13.60413,102.12009
270406,13.49675,102.01643
270501,13.74167,102.32575
270502,13.65774,102.24482
270503,13.69923,102.36504
270504,13.84047,102.26185
270505,13.86476,102.37769
270506,14.01058,102.46308
270507,13.80386,102.36984
270508,13.99819,102.52234
270509,14.01866,102.36103
270510,13.92831,102.24753
270511,13.74725,102.25319
270601,13.68090,102.51585
270602,13.64883,102.42807
270603,13.80508,102.44385
270604,13.58866,102.51253
270605,13.63826,102.54021
270606,13.72870,102.58672
270607,13.52786,102.33001
270608,13.70727,102.49570
270609,13.59097,102.39096
270610,13.81172,102.53617
270611,13.65254,102.37868
270612,13.64279,102.47348
270613,13.73082,102.46850
270701,13.70014,102.07925
270702,13.65125,102.01016
270703,13.55806,101.99004
270704,13.70751,102.12457
270801,13.82445,102.64915
270802,13.86776,102.58558
270803,13.88373,102.67334
270804,13.77498,102.67470
270901,13.35061,102.18862
270902,13.41776,102.16282
270903,13.32927,102.05910
300101,14.97163,102.06860
300102,14.90770,102.10723
300103,14.91110,102.05813
300104,15.09420,102.10873
300105,14.97283,102.16479
300106,14.95215,102.19316
300107,14.99269,102.04806
300108,15.01569,102.10257
300109,15.02071,102.00378
300110,14.94613,102.08626
300111,14.96580,102.13792
300112,15.01011,102.12873
300113,14.96246,102.01957
300114,15.04197,102.03868
300115,15.05788,102.19302
300116,15.04642,102.11979
300117,14.88424,101.96734
300118,14.83243,102.07966
300119,14.90367,102.16024
300120,14.89524,102.01447
300121,14.99024,102.00689
300122,15.02679,102.16188
300123,14.98752,102.18786
300124,15.02058,102.06898
300125,15.10565,102.16498
300201,14.56695,102.27683
300202,14.49410,102.28589
300203,14.61263,102.12900
300204,14.30353,102.19077
300205,14.36750,102.11037
300206,14.55649,102.35943
300207,14.56738,102.19970
300208,14.46083,102.22411
300209,14.27274,102.29535
300210,14.52898,102.10089
300211,14.46138,102.34540
300212,14.54001,102.36741
300301,14.42462,102.42900
300302,14.31944,102.57998
300303,14.27075,102.39064
300304,14.45534,102.54439
300305,14.53856,102.45412
300306,14.25155,102.49066
300401,15.45464,102.32840
300402,15.44759,102.41304
300403,15.36481,102.47868
300404,15.31112,102.39181
300405,15.47754,102.08402
300406,15.50279,102.27990
300407,15.49452,102.17655
300408,15.45671,102.26546
300409,15.40348,102.33316
300410,15.37080,102.40942
300501,15.61527,102.11646
300502,15.57039,102.10340
300503,15.57431,102.18753
300504,15.54379,102.07609
300601,15.03283,102.41921
300603,15.05134,102.35757
300604,14.88265,102.37819
300605,14.92563,102.51716
300607,15.09473,102.37967
300610,14.94030,102.42469
300611,14.85358,102.51151
300613,15.01168,102.49271
300701,14.70956,102.18789
300702,14.76557,102.12981
300703,14.82053,102.16719
300704,14.63036,102.21369
300705,14.66433,102.15037
300706,14.86213,102.26415
300707,14.71482,102.23683
300708,14.75864,102.17773
300709,14.80919,102.24830
300710,14.86897,102.18847
300801,15.30547,101.76438
300802,15.17023,101.76365
300803,15.13402,101.83832
300804,15.11493,101.86144
300805,15.11980,101.69917
300806,15.21157,101.67287
300807,15.36907,101.80411
300808,15.26583,101.68047
300809,15.13743,101.79516
300810,15.34875,101.65618
300811,15.28459,101.82228
300812,15.24719,101.87098
300813,15.14217,101.60605
300815,15.16560,101.47600
300817,15.30130,101.89161
300818,15.36379,101.86235
300901,15.21282,102.06351
300902,15.17722,102.10690
300903,15.12192,102.06311
300904,15.12647,102.01779
300905,15.15332,101.96628
300906,15.14750,101.92074
300907,15.24139,101.93589
300908,15.25634,102.02653
300909,15.27118,102.13859
300914,15.26003,102.09822
301001,15.17806,102.25631
301002,15.13203,102.24712
301003,15.07688,102.26052
301004,15.11950,102.33054
301005,15.16893,102.33810
301006,15.25547,102.39985
301007,15.22554,102.30428
301008,15.31305,102.31771
301009,15.31276,102.27040
301010,15.15629,102.15786
301011,15.31016,102.21668
301012,15.15373,102.21157
301013,15.24560,102.21172
301014,15.20440,102.19379
301015,15.11402,102.27764
301016,15.06203,102.30126
301101,15.34470,102.20735
301102,15.41345,102.10071
301103,15.38021,102.25998
301104,15.34793,102.09800
301105,15.33366,102.15064
301106,15.43438,102.21753
301107,15.42487,102.15812
301201,15.60862,102.44241
301203,15.63012,102.32086
301204,15.51428,102.42941
301206,15.49234,102.45714
301207,15.58201,102.30115
301208,15.53313,102.31391
301214,15.57355,102.48582
301215,15.62752,102.39749
301220,15.68681,102.36817
301224,15.56872,102.37496
301301,15.52728,102.72943
301303,15.54567,102.65650
301304,15.68199,102.63081
301306,15.52594,102.77923
301307,15.58555,102.70598
301308,15.59804,102.76047
301309,15.60250,102.65350
301310,15.47321,102.79367
301313,15.48711,102.61791
301314,15.68189,102.68337
301315,15.49695,102.68271
301317,15.46758,102.73919
301318,15.63731,102.73621
301401,14.72542,102.02762
301402,14.75857,101.94538
301403,14.75230,102.09507
301404,14.65463,102.07313
301405,14.61921,101.80394
301406,14.68377,102.03708
301407,14.67485,102.11144
301409,14.66202,101.96084
301410,14.67467,101.99655
301411,14.60315,102.05339
301412,14.55998,101.86114
301416,14.58718,101.96972
301417,14.79043,102.03951
301418,14.67223,101.92685
301419,14.67171,102.06006
301420,14.63180,101.90322
301501,15.20999,102.49237
301502,15.20845,102.41671
301503,15.22762,102.62155
301504,15.27247,102.45503
301505,15.28488,102.56194
301506,15.19382,102.55263
301507,15.32901,102.51683
301508,15.12606,102.52522
301509,15.41599,102.63275
301510,15.34885,102.59556
301511,15.16325,102.40517
301512,15.11983,102.43691
301601,14.96779,102.64547
301602,15.02643,102.63307
301603,15.06800,102.64005
301604,15.12372,102.64321
301605,14.98647,102.56183
301606,15.08205,102.70892
301607,15.04904,102.76038
301608,15.06471,102.55761
301609,15.02657,102.70329
301610,14.97876,102.69474
301701,15.34820,102.75101
301702,15.33923,102.66942
301703,15.25209,102.73078
301704,15.17230,102.71153
301705,15.15132,102.80250
301710,15.26052,102.81987
301714,15.40820,102.73187
301716,15.14640,102.73871
301717,15.34606,102.81324
301801,14.86193,101.84654
301802,14.98644,101.78579
301803,14.91305,101.86029
301804,14.95552,101.83807
301805,15.00136,101.86113
301806,14.93286,101.91483
301807,14.79247,101.80532
301808,14.78451,101.73406
301809,14.87398,101.91083
301810,14.78256,101.89601
301811,14.91520,101.89828
301901,14.97196,101.96295
301902,14.97133,101.91626
301903,15.06422,101.95319
301904,15.08410,101.89310
301905,15.03432,101.94028
302001,14.91432,101.69068
302002,14.97565,101.72021
302003,15.03440,101.56203
302004,14.81237,101.62433
302005,14.98143,101.54961
302006,14.93686,101.73888
302007,14.92305,101.47921
302008,15.05875,101.63451
302009,14.79229,101.68911
302010,14.84394,101.51376
302011,15.02714,101.46244
302012,15.02780,101.73523
302101,14.72887,101.35011
302102,14.65244,101.27834
302103,14.81686,101.45976
302104,14.54456,101.62083
302105,14.48449,101.39975
302106,14.73096,101.47844
302107,14.61773,101.53369
302108,14.49781,101.56659
302109,14.64094,101.64768
302110,14.60644,101.37585
302111,14.71247,101.57767
302112,14.61404,101.22531
302201,14.65827,102.45242
302202,14.81248,102.41544
302203,14.74288,102.45199
302204,14.71863,102.34334
302205,14.77346,102.32743
302206,14.65765,102.39804
302207,14.81677,102.33693
302208,14.64354,102.31534
302209,14.75314,102.40384
302301,15.72100,102.26963
302302,15.75085,102.32508
302303,15.66124,102.23244
302304,15.66564,102.15091
302305,15.72094,102.19927
302401,15.40855,102.53580
302402,15.43494,102.47185
302403,15.45034,102.57182
302404,15.50439,102.56622
302405,15.43258,102.50298
302501,14.41814,101.80028
302502,14.41349,101.67888
302503,14.57046,101.72898
302504,14.49606,101.94957
302505,14.33564,101.97725
302601,15.28612,101.56516
302602,15.24399,101.48933
302603,15.31093,101.44152
302604,15.36094,101.53214
302701,15.41036,102.88025
302702,15.43641,102.96781
302703,15.47820,102.89133
302704,15.43421,102.80842
302801,15.32094,101.95673
302802,15.37332,101.90577
302803,15.29385,101.99742
302804,15.40094,101.97028
302805,15.36327,102.05694
302901,15.36002,102.88633
302902,15.24088,102.93595
302903,15.27966,102.87057
302904,15.34853,102.95407
303001,15.64736,102.52712
303002,15.69873,102.47109
303003,15.66063,102.47248
303004,15.66784,102.58082
303101,15.56840,102.58784
303102,15.51560,102.52433
303103,15.50786,102.48570
303104,15.58657,102.53867
303105,15.62113,102.59112
303201,15.03107,102.30911
303202,14.97545,102.33851
303203,14.96669,102.22941
303204,15.06700,102.22923
303205,14.92733,102.28612
310101,14.99604,103.10527
310102,14.98221,103.10282
310103,14.89262,103.05810
310104,14.92958,103.04568
310105,14.88600,102.99117
310106,14.89578,103.15795
310108,15.01189,103.15416
310112,15.10152,103.01568
310113,15.11286,103.07212
310114,15.02856,103.03053
310117,14.91058,102.94937
310118,14.79663,102.95106
310119,15.05921,103.15478
310120,15.03008,103.09131
310122,14.82374,103.14893
310125,14.86497,103.10514
310126,15.09780,103.10748
310127,14.97249,103.02577
310128,14.79693,102.99847
310201,15.24089,102.99024
310202,15.37972,103.05438
310203,15.38998,102.99023
310204,15.16455,103.02998
310205,15.20007,103.07576
310206,15.19171,103.11829
310207,15.32517,103.01070
310301,14.91959,103.30641
310302,15.06373,103.39863
310303,14.88962,103.23235
310304,14.80950,103.24142
310305,14.90178,103.36751
310306,14.99557,103.28948
310307,14.98024,103.40154
310308,14.84930,103.30346
310309,15.07575,103.33626
310310,14.96733,103.33543
310311,15.02553,103.33267
310401,14.65842,102.79047
310403,14.57801,102.77060
310405,14.56174,102.66124
310406,14.60159,102.66440
310408,14.68005,102.89929
310413,14.61293,102.82614
310414,14.51446,102.76135
310415,14.72944,102.70946
310416,14.73689,102.79234
310417,14.67627,102.71362
310418,14.51424,102.68776
310424,14.69092,102.85313
310425,14.68647,102.63955
310426,14.58142,102.70309
310427,14.73761,102.94092
310501,14.66457,102.56072
310502,14.74003,102.56571
310503,14.77652,102.63868
310504,14.61399,102.50748
310505,14.78471,102.49015
310506,14.68455,102.51057
310507,14.68064,102.56834
310508,14.71983,102.61531
310509,14.81035,102.56556
310510,14.70918,102.49487
310601,14.41891,102.85330
310603,14.40932,102.93297
310604,14.27551,102.85235
310607,14.28438,102.93312
310610,14.39416,102.78694
310611,14.46150,102.81373
310701,14.61224,103.08238
310702,14.78930,103.05393
310703,14.70335,103.06447
310705,14.59613,103.18108
310706,14.49633,102.98931
310707,14.54030,103.06365
310708,14.56693,103.01354
310710,14.64159,103.03655
310713,14.65545,103.20315
310714,14.63238,102.97954
310715,14.46268,103.04560
310716,14.53282,103.14191
310718,14.60204,103.13541
310719,14.70484,102.98693
310720,14.57353,102.96983
310721,14.75050,103.00234
310801,14.44219,103.08765
310802,14.47148,103.19744
310803,14.34001,102.99050
310804,14.36426,103.10465
310805,14.39550,103.21010
310806,14.46941,103.13798
310807,14.33406,103.04989
310808,14.37462,103.16167
310809,14.52630,103.19161
310901,15.57691,103.01239
310902,15.49761,103.03042
310903,15.48845,102.97857
310906,15.62527,102.88959
310907,15.58747,102.95877
310909,15.49243,103.06656
310910,15.52556,102.93603
311001,15.01978,102.82964
311002,15.03119,102.85891
311003,14.98751,102.95912
311004,15.05029,102.94313
311005,15.07813,102.90052
311006,14.97570,102.76934
311007,14.94668,102.86083
311008,15.15004,102.88963
311009,15.13947,102.96754
311010,14.87801,102.88125
311011,14.92490,102.74942
311012,15.11858,102.83500
311013,15.05429,102.81401
311014,14.98269,102.90626
311015,15.10939,102.93225
311016,14.87801,102.81993
311101,15.27230,103.30414
311102,15.28246,103.24262
311103,15.25841,103.40571
311104,15.19068,103.31268
311105,15.13505,103.28945
311106,15.20048,103.24545
311109,15.20599,103.18170
311110,15.13557,103.38054
311111,15.30448,103.44269
311112,15.29713,103.35159
311114,15.20600,103.36183
311115,15.19698,103.40077
311201,14.45128,102.74027
311202,14.45371,102.69116
311203,14.43548,102.65781
311204,14.40920,102.60402
311205,14.35974,102.69764
311301,15.64193,102.92964
311302,15.70673,102.91288
311303,15.71583,102.97869
311304,15.76184,102.91533
311305,15.65519,102.96308
311401,14.82785,102.67856
311402,14.87764,102.59544
311403,14.89231,102.76773
311404,14.82095,102.62972
311405,14.91742,102.62363
311406,14.83755,102.74496
311407,14.89019,102.67021
311501,14.66788,103.13042
311502,14.77044,103.20036
311503,14.72552,103.24455
311504,14.71619,103.16007
311505,14.78023,103.11401
311601,14.96570,103.18231
311602,15.00446,103.19149
311603,15.08048,103.28174
311604,14.96580,103.23828
311605,14.93331,103.18742
311606,15.02590,103.22206
311607,15.04780,103.26799
311608,14.98100,103.19311
311701,14.53917,102.61060
311702,14.56724,102.55788
311703,14.60702,102.60267
311704,14.55733,102.51956
311801,14.79759,102.82144
311802,14.74289,102.84759
311803,14.79945,102.88369
311804,14.82379,102.80523
311805,14.78118,102.75098
311806,14.75016,102.89594
311901,15.55938,102.90265
311902,15.60888,102.80972
311903,15.59793,102.86681
311904,15.53433,102.86547
311905,15.54825,102.80941
312001,14.24195,102.79825
312002,14.34922,102.76674
312003,14.21694,102.66593
312101,15.11482,103.15847
312102,15.08178,103.22168
312103,15.13804,103.21899
312104,15.19258,103.15367
312201,15.32729,103.12629
312202,15.31068,103.16726
312203,15.32809,103.07912
312204,15.28611,103.18764
312301,14.57680,102.86852
312302,14.55974,102.91793
312303,14.64107,102.93121
312304,14.51043,102.84236
312305,14.50783,102.91742
320101,14.88873,103.49213
320102,15.07242,103.54249
320103,15.06560,103.46223
320104,15.02029,103.48842
320105,14.95922,103.45344
320106,14.85281,103.56383
320107,14.75072,103.60869
320109,14.79345,103.63113
320110,14.94741,103.51517
320111,14.86022,103.48984
320112,14.88490,103.41843
320113,14.79261,103.33538
320114,14.79457,103.48291
320116,14.78275,103.53625
320118,14.78349,103.40882
320119,14.91103,103.65652
320120,14.84512,103.64772
320121,14.90878,103.59565
320122,14.85221,103.40068
320125,14.91847,103.54632
320126,15.11413,103.47195
320201,15.38229,103.40929
320202,15.36825,103.48962
320203,15.39619,103.55116
320204,15.37457,103.34284
320205,15.35674,103.23102
320206,15.40948,103.20639
320207,15.44156,103.13642
320208,15.36371,103.29447
320209,15.31220,103.55059
320301,15.31561,103.67407
320302,15.25113,103.49956
320303,15.35492,103.61822
320304,15.39400,103.74939
320305,15.22079,103.66165
320306,15.24076,103.57598
320307,15.32946,103.74496
320308,15.22520,103.70981
320309,15.23079,103.61882
320310,15.39718,103.65301
320401,15.10594,103.59854
320402,15.17317,103.45804
320403,15.12983,103.52959
320404,15.07958,103.67127
320405,15.16041,103.65787
320406,15.12462,103.68153
320407,15.16155,103.60912
320408,15.18072,103.52179
320409,15.13858,103.56311
320501,14.64559,103.41334
320502,14.72072,103.48970
320503,14.71036,103.38127
320504,14.62790,103.31191
320505,14.71534,103.28218
320506,14.60928,103.49284
320507,14.55508,103.45758
320508,14.66810,103.52267
320509,14.53552,103.37480
320510,14.62293,103.60351
320511,14.54033,103.27086
320512,14.71478,103.41787
320513,14.65025,103.35400
320514,14.61849,103.26284
320515,14.59934,103.40849
320516,14.59353,103.56280
320517,14.71017,103.31974
320518,14.72381,103.34581
320601,14.48368,103.57965
320604,14.54074,103.65502
320605,14.45992,103.70917
320606,14.44419,103.41912
320607,14.46329,103.50199
320610,14.45918,103.64614
320701,15.31827,103.84191
320702,15.32320,103.94525
320703,15.37124,103.79321
320704,15.37614,104.01678
320705,15.39854,103.93929
320706,15.23903,103.82580
320709,15.32427,103.89250
320711,15.26186,103.94452
320713,15.31963,103.79802
320714,15.40930,103.84357
320715,15.30218,103.98292
320716,15.41457,103.89453
320801,15.19949,103.76226
320802,15.25604,103.77211
320803,15.14816,103.75210
320804,15.13662,103.79143
320805,15.17104,103.82609
320806,15.12446,103.83586
320807,15.15791,103.71915
320901,14.91742,103.79608
320902,15.03312,103.84414
320903,14.86952,103.72674
320904,14.95820,103.84790
320905,15.03093,103.71887
320906,15.08399,103.75161
320907,15.07958,103.81923
320908,14.81686,103.71300
320909,14.96197,103.77315
320910,14.94497,103.69859
320911,14.92438,103.85939
320912,15.01906,103.77591
320913,14.98450,103.84311
320914,14.85324,103.78126
320915,14.84897,103.82984
321001,14.65628,103.85491
321002,14.69667,103.90238
321006,14.55349,103.86579
321007,14.64952,103.95742
321008,14.55267,103.73910
321009,14.59876,103.67278
321010,14.63392,103.74444
321011,14.45109,103.78416
321012,14.67681,103.79327
321013,14.66779,104.01375
321015,14.59961,103.82176
321017,14.47128,103.86118
321101,14.69029,103.63195
321102,14.73945,103.71582
321103,14.67612,103.69331
321104,14.76650,103.67972
321105,14.72507,103.74869
321201,14.98848,103.92515
321202,15.03268,103.92784
321203,15.13272,103.96207
321204,15.09671,103.91047
321205,15.06709,103.94129
321206,14.94062,103.92393
321207,15.01208,103.97528
321208,15.09008,103.87434
321209,15.10313,103.98296
321210,15.06784,103.98781
321301,14.53253,103.93000
321302,14.54057,104.01747
321303,14.41235,103.98585
321304,14.60824,104.01724
321305,14.47503,103.91803
321306,14.56160,103.96264
321401,14.41886,103.34406
321402,14.48870,103.25616
321403,14.47591,103.31426
321404,14.38441,103.26266
321501,14.74241,103.87864
321502,14.78525,103.93357
321503,14.83942,103.87805
321504,14.75872,103.97494
321505,14.74400,103.81441
321601,15.01234,103.58101
321602,15.05647,103.61331
321603,15.02817,103.65070
321604,14.97673,103.64959
321605,14.96674,103.58033
321701,15.22707,103.94968
321702,15.18454,103.94085
321703,15.18929,103.87819
321704,15.24306,103.88715
321705,15.13968,103.89906
330101,15.11863,104.33023
330102,15.10854,104.33356
330103,15.21693,104.27986
330104,15.03815,104.33067
330105,15.00229,104.38899
330106,15.04131,104.43004
330107,15.08091,104.29914
330111,15.06427,104.36928
330112,15.01634,104.36503
330115,15.12476,104.44682
330116,15.15075,104.30274
330118,14.98080,104.33657
330119,15.00236,104.42546
330121,15.07743,104.42501
330122,15.16741,104.34191
330123,15.12273,104.39442
330124,15.05191,104.24970
330127,15.14105,104.27373
330201,15.25513,104.39437
330202,15.18305,104.42194
330203,15.22354,104.35463
330204,15.30186,104.35650
330205,15.23354,104.32386
330206,15.25105,104.44236
330207,15.21429,104.41461
330301,15.11266,104.57786
330302,15.11385,104.64056
330303,15.04255,104.65577
330304,15.04858,104.56429
330305,15.21368,104.66892
330306,15.15536,104.66620
330307,15.23736,104.61620
330308,15.19330,104.58880
330309,15.19887,104.55008
330310,15.21721,104.49936
330311,15.17753,104.47287
330312,15.11873,104.51834
330313,15.09513,104.49665
330314,15.03686,104.50778
330315,14.98913,104.51865
330320,15.06975,104.57432
330401,14.53604,104.71104
330402,14.68576,104.84198
330403,14.59064,104.67514
330405,14.65256,104.73529
330406,14.65999,104.65436
330407,14.44517,104.55510
330408,14.47872,104.63137
330409,14.73911,104.60764
330411,14.73889,104.65158
330412,14.73514,104.54682
330413,14.54327,104.57294
330414,14.66107,104.57053
330415,14.52661,104.80469
330416,14.65246,104.62053
330419,14.44743,104.71389
330420,14.60161,104.78991
330421,14.68728,104.77297
330423,14.63927,104.68097
330424,14.59528,104.59051
330425,14.45426,104.81174
330501,14.71493,104.06397
330502,14.82288,104.24949
330503,14.75496,104.14919
330504,14.77644,104.19834
330505,14.65812,104.10615
330506,14.57026,104.26786
330507,14.71403,104.26675
330508,14.66389,104.27146
330509,14.72469,104.21622
330510,14.66502,104.17887
330511,14.83223,104.18346
330513,14.77498,104.24356
330515,14.64301,104.22831
330517,14.81414,104.13871
330518,14.70632,104.02508
330521,14.86973,104.17527
330522,14.70870,104.13798
330524,14.86865,104.25286
330525,14.76799,104.28513
330526,14.68493,104.22400
330527,14.64041,104.27832
330528,14.75244,104.08250
330601,14.74154,104.37067
330602,14.81089,104.30945
330603,14.80911,104.36146
330604,14.69886,104.32875
330605,14.85406,104.35977
330606,14.85750,104.30231
330701,14.83422,104.03169
330702,14.85212,103.95551
330703,14.87790,104.10061
330704,14.90128,104.00531
330705,14.81787,104.09225
330706,14.78911,104.07462
330707,14.92028,104.07806
330708,14.78864,104.02083
330709,14.91729,103.96849
330710,14.86857,104.04209
330801,14.62640,104.43519
330802,14.47326,104.44274
330803,14.59800,104.49744
330804,14.66218,104.45395
330805,14.71352,104.45923
330806,14.66751,104.39947
330807,14.63184,104.36997
330808,14.58510,104.41107
330809,14.49168,104.29725
330810,14.68226,104.51232
330811,14.62820,104.32543
330812,14.48040,104.35916
330901,15.35049,104.16403
330902,15.35341,104.21808
330903,15.38524,104.11161
330906,15.43540,104.12348
330907,15.43186,104.01659
330908,15.42491,104.16010
330909,15.28680,104.17289
330910,15.31156,104.11638
330911,15.33494,104.25623
330912,15.27509,104.23582
330913,15.27593,104.29701
330914,15.39798,104.19939
330915,15.31435,104.30008
331001,15.09782,104.14940
331002,15.20312,104.18988
331003,15.05156,104.14430
331004,15.01656,104.10754
331005,15.14823,104.14418
331006,15.19885,104.13568
331007,15.15061,104.10482
331008,15.12579,104.23101
331010,15.14941,104.19357
331011,15.25197,104.13584
331012,15.22742,104.22417
331014,15.11861,104.17761
331015,15.06976,104.19459
331016,15.17838,104.21876
331017,15.09408,104.21725
331018,15.08891,104.08611
331022,15.09992,104.11690
331024,15.21805,104.16753
331025,14.96673,104.10565
331101,15.29615,104.05991
331102,15.32979,104.05592
331201,15.06211,104.04352
331202,15.03183,104.05181
331203,14.96768,104.06805
331204,14.95111,104.01059
331205,14.97987,104.01325
331206,15.10939,104.03229
331301,14.90680,104.71483
331302,14.97503,104.64340
331303,14.92162,104.63893
331304,14.86608,104.76974
331305,14.88287,104.64062
331401,14.77555,104.47038
331402,14.76385,104.42958
331403,14.78679,104.51952
331404,14.85201,104.48707
331405,14.82078,104.54044
331406,14.80313,104.41459
331407,14.82584,104.46914
331501,14.91333,104.55193
331502,14.93190,104.46811
331503,14.97600,104.45703
331504,14.84906,104.57861
331505,14.88086,104.52435
331506,14.97799,104.58093
331601,14.97141,104.22013
331602,14.99329,104.18667
331603,14.94078,104.27413
331604,15.00181,104.27013
331605,14.90483,104.17783
331606,15.02367,104.19742
331607,14.91814,104.24251
331608,14.92670,104.18308
331701,14.53700,104.19845
331702,14.52960,104.07014
331703,14.55903,104.11934
331704,14.58449,104.07551
331705,14.60629,104.16698
331706,14.43839,104.19530
331707,14.42290,104.08847
331801,15.15511,104.03427
331802,15.20549,103.99415
331803,15.20313,104.03183
331901,14.80281,104.69261
331902,14.75320,104.71445
331903,14.83797,104.68351
331904,14.81734,104.61979
331905,14.76702,104.78419
332001,14.93252,104.38628
332002,14.86887,104.39380
332003,14.92101,104.42239
332004,14.93433,104.32956
332005,14.89700,104.33445
332101,15.20202,104.07913
332102,15.25513,104.04728
332103,15.24695,104.08002
332104,15.22884,104.10904
332105,15.26886,104.00979
332201,15.46948,104.09000
332202,15.52881,104.10893
332203,15.45712,104.04729
332204,15.47673,104.14074
340101,15.24274,104.84349
340104,15.37462,104.84637
340105,15.31701,104.74273
340107,15.24385,104.89128
340108,15.29982,104.83472
340109,15.24777,104.80042
340111,15.23618,104.72907
340112,15.30466,104.90303
340113,15.30648,104.97322
340116,15.26760,104.95632
340119,15.37309,104.79242
340120,15.36522,104.71143
340201,15.50458,105.31933
340202,15.48684,105.22867
340203,15.53251,105.21763
340204,15.41934,105.26177
340205,15.57089,105.32782
340206,15.60282,105.26804
340207,15.59926,105.21342
340208,15.45757,105.37268
340209,15.63433,105.49867
340210,15.63325,105.37373
340211,15.44733,105.31433
340301,15.29926,105.53996
340302,15.44831,105.46825
340303,15.54315,105.54407
340304,15.34601,105.39078
340305,15.38853,105.46941
340401,15.36918,104.56214
340402,15.35846,104.50905
340403,15.39711,104.41812
340404,15.39657,104.62515
340405,15.34148,104.65504
340406,15.27849,104.65474
340407,15.32103,104.59940
340408,15.29077,104.55767
340409,15.28863,104.50821
340410,15.29855,104.44277
340411,15.45095,104.42363
340412,15.49122,104.46502
340413,15.51729,104.42149
340414,15.52429,104.50281
340415,15.45054,104.50836
340416,15.50205,104.54541
340417,15.34252,104.46203
340418,15.45404,104.59422
340501,16.04973,105.15172
340503,15.97578,105.17273
340504,15.84839,105.20045
340507,15.94272,105.05087
340508,16.01513,105.32579
340510,15.91392,105.12000
340511,16.02042,105.10286
340512,16.03016,105.03462
340513,15.85514,105.15239
340701,14.92096,105.04562
340702,15.01191,104.98591
340704,14.90554,104.96656
340706,14.82107,104.84704
340708,14.82708,104.98635
340709,14.96423,105.20153
340710,14.71059,105.07234
340711,14.79958,105.13233
340712,14.70192,104.99962
340713,14.84028,105.05483
340715,14.79261,105.21308
340716,14.88697,105.19999
340717,14.88264,104.89953
340720,14.90090,105.12270
340721,14.96707,104.96887
340723,14.75659,105.03553
340801,14.48148,105.24438
340802,14.68779,105.20553
340803,14.63635,105.19124
340804,14.56228,105.19893
340805,14.66471,105.25506
340806,14.66038,105.14046
340901,14.47676,104.94532
340903,14.63351,105.03218
340904,14.36688,105.14171
340906,14.53585,105.05618
340907,14.44462,105.01104
340909,14.57523,105.11049
340911,14.58467,105.01923
341001,14.75544,105.46143
341002,14.55714,105.42469
341003,14.88645,105.48034
341004,14.89003,105.29287
341005,14.76553,105.29646
341006,14.66239,105.31419
341007,14.73652,105.38064
341008,14.88779,105.35505
341101,15.59945,105.02420
341102,15.62097,105.08795
341103,15.70673,105.05425
341104,15.57270,105.10272
341105,15.54396,104.93081
341106,15.72836,105.11835
341107,15.50702,105.10069
341108,15.56471,105.04151
341109,15.65877,104.93072
341110,15.66041,105.15719
341111,15.46502,105.06129
341112,15.57048,105.17035
341113,15.59595,104.95539
341114,15.68810,104.97647
341115,15.54709,104.99899
341116,15.51554,105.03083
341117,15.72715,104.93373
341118,15.70525,105.16112
341119,15.66546,105.19727
341120,15.51353,105.16620
341121,15.72839,105.02993
341122,15.65555,105.08139
341123,15.62239,105.03855
341201,15.81032,104.99682
341202,15.86680,105.02140
341203,15.78028,105.11122
341204,15.75396,104.97791
341205,15.83274,105.09889
341401,15.51260,104.72916
341402,15.65810,104.66384
341403,15.62221,104.73819
341404,15.56893,104.82116
341405,15.57221,104.73143
341406,15.50248,104.81351
341407,15.44050,104.80558
341408,15.39532,104.76388
341409,15.43720,104.68483
341410,15.49650,104.63862
341411,15.58784,104.67330
341412,15.60536,104.60928
341413,15.54046,104.61464
341414,15.44071,104.74475
341501,15.20221,104.85616
341502,15.13977,104.88088
341504,15.11243,104.75392
341505,15.09754,104.81403
341507,15.08372,104.85545
341508,14.99969,104.90269
341510,15.19226,104.81406
341511,15.16404,104.76714
341515,15.16617,104.91605
341516,15.12279,104.95821
341518,15.17019,104.86567
341520,15.20322,104.77388
341521,15.15760,104.82041
341522,15.07904,104.90615
341524,15.09140,104.70962
341526,15.20316,104.94331
341901,15.24316,105.22591
341902,15.20012,105.24915
341904,15.13875,105.28299
341905,15.27538,105.29763
341906,15.08276,105.12311
341907,15.06394,105.34619
341909,15.24099,105.19044
341910,15.28634,105.23765
341911,15.33152,105.28960
341912,15.14950,105.13323
341913,15.06452,105.20039
341914,15.03034,105.29203
341918,14.98301,105.33530
341919,15.02443,105.24741
342001,15.33205,105.17262
342002,15.38969,105.22510
342003,15.35308,105.10308
342004,15.44684,105.19159
342005,15.42178,105.10882
342006,15.38307,105.15643
342101,15.80414,105.27447
342102,15.86766,105.27307
342103,15.70108,105.43494
342104,15.83098,105.34178
342105,15.75262,105.26460
342106,15.75614,105.37704
342201,15.01677,104.78966
342202,15.03389,104.84541
342203,14.94939,104.75976
342204,14.92850,104.81505
342205,15.02819,104.71803
342206,14.91219,104.86025
342207,14.96586,104.71650
342208,15.05365,104.75988
342209,14.97940,104.81597
342401,15.31525,105.06025
342402,15.37907,105.02862
342403,15.45988,104.99922
342404,15.37117,104.96906
342501,15.22648,105.32765
342502,15.11293,105.43600
342503,14.99262,105.48598
342504,15.22508,105.39686
342505,15.13543,105.36972
342506,15.24788,105.46969
342602,14.80354,104.92276
342603,14.74371,104.95743
342604,14.68364,104.92292
342605,14.74826,104.90156
342606,14.75729,104.84828
342901,15.03895,105.03902
342902,15.10750,105.02923
342903,14.99197,105.05755
343001,15.89461,105.31617
343002,15.95626,105.33166
343003,15.96252,105.26732
343004,15.93257,105.21168
343101,15.42157,104.90783
343102,15.48534,104.89690
343103,15.39005,104.87820
343104,15.40198,104.95121
343201,15.22257,105.10427
343202,15.22410,104.98698
343203,15.23281,105.04554
343204,15.27204,105.10640
343301,14.56713,104.92523
343302,14.59908,104.84148
343303,14.62711,104.92088
343304,14.49388,104.88797
350101,15.79912,104.14561
350102,15.82704,104.16389
350103,15.76907,104.20190
350104,15.83604,104.10663
350105,15.83588,104.04141
350106,15.89356,104.03539
350107,15.93861,104.06373
350108,15.91044,104.11246
350109,15.90968,104.17939
350110,15.82443,104.24109
350111,15.89712,104.25008
350112,15.73688,104.16206
350113,15.86292,104.28065
350114,15.77899,104.25103
350115,15.70955,104.19637
350116,15.88016,104.15442
350117,15.85924,104.21180
350118,15.87734,104.33667
350201,15.95495,104.22346
350202,16.00484,104.19928
350203,15.98860,104.14028
350204,16.06741,104.12968
350205,15.92493,104.29875
350301,16.09136,104.33486
350302,16.01401,104.39854
350303,15.93943,104.36656
350304,15.96762,104.31183
350305,16.01505,104.27074
350306,16.06169,104.26942
350307,16.08030,104.19655
350308,16.11540,104.27259
350309,16.16161,104.25492
350401,15.64994,104.32844
350402,15.70924,104.24123
350403,15.64263,104.22615
350404,15.67551,104.26238
350405,15.74295,104.30809
350406,15.63628,104.41509
350407,15.57818,104.39615
350408,15.68223,104.39721
350409,15.58274,104.46393
350410,15.61180,104.24276
350411,15.70998,104.36116
350412,15.59716,104.34901
350413,15.69525,104.29074
350501,15.82855,104.39466
350502,15.80631,104.30530
350503,15.92270,104.43742
350504,15.80066,104.42811
350505,15.77463,104.35897
350601,15.51723,104.24990
350602,15.56748,104.21942
350603,15.49684,104.19161
350604,15.44860,104.28336
350605,15.56328,104.28571
350606,15.47313,104.32153
350607,15.53888,104.31880
350608,15.50996,104.36090
350609,15.56638,104.15431
350610,15.44246,104.22823
350701,15.33937,104.40313
350702,15.41735,104.35204
350703,15.39476,104.28032
350704,15.35798,104.33249
350802,16.16926,104.70271
350803,16.17137,104.51076
350805,16.27807,104.37993
350806,16.22813,104.45593
350807,16.30511,104.44881
350810,16.21882,104.56886
350811,16.27246,104.52334
350812,16.15077,104.59249
350813,16.10397,104.50518
350814,16.18875,104.33547
350901,16.07629,104.44158
350902,16.01310,104.48683
350903,16.17307,104.41729
350904,16.09915,104.39365
350905,16.06606,104.49569
360101,15.81071,102.03630
360102,15.81754,102.00060
360103,15.84367,102.09631
360104,15.94822,102.00414
360105,15.66528,102.04705
360106,15.78539,102.15825
360107,15.75266,101.97068
360108,15.87130,102.06019
360109,15.94138,102.10610
360110,15.74280,102.02927
360111,15.80153,102.19931
360112,15.70912,102.08505
360113,16.01758,101.99684
360114,15.94958,101.87277
360115,15.85208,102.16240
360116,15.65801,102.10050
360117,15.84616,101.95955
360118,15.76027,102.06817
360119,16.14547,102.03753
360201,15.74959,101.89714
360202,15.82746,101.86552
360203,15.70148,101.93420
360204,15.86075,101.75906
360205,15.90847,101.81476
360206,15.79903,101.91822
360301,15.92705,102.31770
360302,15.88591,102.31594
360303,16.01926,102.29562
360304,15.81130,102.28100
360305,15.99742,102.23271
360306,15.90004,102.23987
360307,15.95016,102.26064
360308,15.84614,102.24182
360309,15.99903,102.33716
360401,16.29026,101.87429
360402,16.31161,102.02216
360403,16.09321,101.90012
360404,16.37276,101.94683
360405,16.31903,101.94606
360406,16.16241,101.95158
360407,16.24077,101.98455
360408,16.15519,101.86486
360409,16.42535,101.88122
360410,16.23567,101.89878
360412,16.38315,101.78962
360501,16.23310,101.80677
360502,16.02352,101.83626
360503,16.07402,101.53403
360504,16.29165,101.49078
360507,16.23500,101.71875
360508,16.01198,101.72028
360509,16.02241,101.62046
360511,16.12785,101.58105
360601,15.54064,101.86444
360602,15.66324,101.84406
360603,15.48779,101.79205
360605,15.58187,101.79423
360606,15.54848,101.76159
360607,15.63150,101.93885
360610,15.57774,101.88201
360611,15.45348,101.85500
360613,15.69497,101.80347
360701,15.50993,101.67304
360702,15.43703,101.69365
360703,15.48770,101.74360
360704,15.42459,101.76347
360705,15.40895,101.62802
360706,15.49540,101.61070
360707,15.48889,101.56196
360801,15.75108,101.78194
360802,15.85993,101.57176
360803,15.89549,101.64133
360804,15.77596,101.71608
360805,15.71319,101.71170
360901,15.43714,101.43332
360902,15.47721,101.50880
360903,15.68267,101.51072
360904,15.59782,101.43712
360905,15.80457,101.46510
361001,16.35025,102.13572
361002,16.27985,102.22337
361003,16.45275,102.17072
361004,16.41769,102.05876
361005,16.41717,102.19595
361006,16.34859,102.26080
361007,16.47083,102.10971
361008,16.32811,102.08603
361009,16.34967,102.19225
361010,16.22682,102.15253
361011,16.30868,102.29704
361101,16.40107,102.35501
361102,16.41509,102.26916
361103,16.41037,102.41098
361104,16.35349,102.38664
361105,16.29782,102.37883
361201,16.11209,102.23721
361202,16.16079,102.17227
361203,16.03703,102.16292
361204,16.17431,102.31642
361205,16.24158,102.34904
361206,16.20216,102.24588
361207,16.11332,102.16028
361208,16.05923,102.07052
361209,16.15160,102.09345
361210,16.12623,102.28780
361301,16.61006,101.92465
361302,16.65253,101.64801
361303,16.49118,102.01160
361304,16.52904,101.88365
361305,16.53034,101.65986
361306,16.59320,101.95922
361307,16.58591,101.87080
361308,16.53416,101.98299
361401,16.06639,101.45578
361402,15.89276,101.40457
361403,15.79807,101.37211
361404,15.99828,101.43208
361501,15.56027,101.96860
361502,15.53779,102.02355
361503,15.64116,102.01334
361504,15.48621,101.96568
361601,15.61558,101.56646
361602,15.62769,101.69039
361603,15.56985,101.65376
370101,15.87092,104.63530
370102,15.80745,104.64444
370103,15.80708,104.58668
370104,15.77812,104.78331
370105,15.86687,104.79438
370106,15.84171,104.74936
370107,15.95037,104.75947
370108,15.98520,104.64723
370109,15.80839,104.48582
370110,15.98946,104.55952
370111,15.89012,104.47599
370112,15.87084,104.56166
370113,15.93150,104.62118
370114,15.85201,104.69009
370115,15.82731,104.71128
370116,15.95600,104.55755
370117,15.80691,104.55043
370118,15.87741,104.51662
370119,15.95937,104.69605
370201,16.23038,104.95027
370202,16.15407,104.99241
370203,16.15338,104.89129
370204,16.06203,104.96727
370205,16.04884,104.86187
370301,15.95779,104.85779
370302,15.96655,104.96447
370303,15.88497,104.92497
370304,15.80275,104.87331
370305,15.84386,104.94494
370306,15.86378,104.83097
370307,15.87383,104.87639
370401,15.67511,104.87125
370402,15.59647,104.86193
370403,15.72028,104.81248
370404,15.69156,104.83684
370501,16.05998,104.69071
370502,16.05195,104.75002
370503,16.08163,104.64123
370504,16.04122,104.56820
370505,16.03206,104.78410
370506,16.07038,104.59354
370601,15.71723,104.45440
370602,15.76102,104.48887
370603,15.74627,104.56066
370604,15.69531,104.55746
370605,15.64631,104.58723
370606,15.63904,104.49353
370607,15.58275,104.54565
370608,15.72063,104.50311
370701,15.70962,104.66412
370702,15.71662,104.61490
370703,15.69368,104.70110
370704,15.72116,104.75532
370705,15.65056,104.77783
370706,15.76595,104.68729
370707,15.74878,104.62670
380101,18.33429,103.68982
380102,18.26028,103.66955
380103,18.35740,103.47279
380104,18.40231,103.38195
380105,18.33620,103.39172
380106,18.29657,103.78100
380107,18.26229,103.58708
380108,18.39350,103.51422
380109,18.20671,103.85464
380110,18.35109,103.59533
380111,18.20798,103.62182
380112,18.33300,103.52872
380201,18.02127,103.65513
380202,18.05028,103.62687
380203,18.03286,103.71371
380204,18.11834,103.58082
380205,17.98162,103.68301
380206,18.08144,103.72537
380207,18.11828,103.65211
380301,18.04684,103.43787
380302,18.12772,103.37910
380303,18.26647,103.46100
380304,18.13371,103.51408
380305,18.08773,103.34548
380306,18.21128,103.50128
380307,18.14205,103.44383
380401,17.96084,103.95536
380402,17.84600,103.96102
380403,17.89827,103.82185
380404,18.11421,103.93779
380405,18.01213,103.79474
380406,18.06010,103.89158
380407,17.97583,103.77230
380408,17.90988,103.88975
380409,18.08907,104.03035
380501,18.33861,103.30860
380502,18.20934,103.35361
380503,18.38734,103.28781
380504,18.29183,103.34600
380505,18.21696,103.40499
380506,18.25584,103.30561
380601,17.99918,104.04133
380602,17.94581,104.07805
380603,18.03329,104.13467
380604,18.11462,104.06431
380701,18.21470,103.73637
380702,18.14489,103.71960
380703,18.09636,103.84032
380704,18.13603,103.81369
380705,18.20732,103.79237
380801,18.25468,103.96177
380802,18.27917,103.91449
380803,18.21009,104.01041
390101,17.16702,102.44158
390102,17.25516,102.39940
390103,17.21133,102.38914
390104,17.20430,102.32180
390105,17.02012,102.39370
390106,17.10836,102.47686
390107,17.05184,102.49533
390108,17.10544,102.39391
390109,17.16766,102.28556
390110,17.23666,102.44221
390111,17.33263,102.38051
390112,17.24467,102.52074
390113,17.27860,102.30949
390114,16.97267,102.36355
390115,17.14228,102.34667
390201,17.31147,102.21053
390202,17.32039,102.14529
390205,17.36666,102.24939
390206,17.24106,102.22231
390207,17.39408,102.34990
390209,17.16811,102.20213
390210,17.23189,102.13322
390211,17.43812,102.19683
390213,17.39389,102.15261
390301,16.87443,102.55098
390302,16.98745,102.52362
390303,16.84761,102.50952
390304,16.95657,102.61622
390305,16.85935,102.60585
390306,16.84035,102.43242
390307,16.80967,102.56624
390308,16.94104,102.45023
390309,16.93351,102.52403
390310,16.99966,102.60268
390401,16.99120,102.29271
390402,16.93168,102.27566
390403,16.91807,102.35068
390404,17.05797,102.23766
390405,16.91138,102.16510
390406,16.96671,102.14946
390407,17.05426,102.16315
390408,17.12302,102.19100
390409,17.11511,102.09084
390410,17.08064,102.29638
390411,16.86057,102.35346
390412,16.98289,102.24493
390501,17.62744,102.29825
390502,17.53757,102.21192
390503,17.46838,102.26630
390504,17.47259,102.34524
390505,17.62232,102.20943
390506,17.55797,102.27660
390507,17.57603,102.14971
390508,17.55256,102.31458
390601,17.27046,102.07317
390602,17.39422,102.08144
390603,17.26796,102.03713
390604,17.42447,102.02413
390605,17.30055,102.11486
400101,16.43698,102.83987
400102,16.54288,102.85057
400103,16.47447,102.96410
400104,16.29596,102.80605
400105,16.45158,102.69891
400106,16.38373,102.82075
400107,16.41449,102.89285
400108,16.53851,102.68437
400109,16.37933,102.71240
400110,16.56020,102.75701
400111,16.49036,102.75438
400112,16.36333,102.75570
400113,16.33219,102.87113
400114,16.49102,102.85420
400115,16.44032,102.77919
400116,16.51815,102.92952
400117,16.42600,102.93248
400118,16.59113,102.82880
400201,16.49806,102.59511
400202,16.59766,102.63836
400203,16.42164,102.57871
400204,16.39696,102.66345
400205,16.37230,102.57732
400206,16.47056,102.63286
400207,16.58069,102.60070
400301,16.33300,102.59712
400302,16.26487,102.69673
400303,16.27235,102.74394
400304,16.31847,102.73165
400305,16.30072,102.65750
400401,16.50658,102.46138
400402,16.43394,102.44652
400403,16.51921,102.52146
400404,16.39740,102.51729
400405,16.45549,102.53579
400406,16.55985,102.40906
400407,16.47603,102.35161
400408,16.53052,102.35319
400409,16.53407,102.31109
400410,16.56621,102.56921
400501,16.53046,102.07051
400502,16.60057,102.02747
400503,16.76440,101.97663
400504,16.50548,102.21719
400505,16.56580,102.21520
400506,16.56268,102.11726
400507,16.51634,102.14333
400508,16.62758,102.08773
400509,16.48676,102.26558
400510,16.66085,102.02478
400511,16.56664,102.27780
400512,16.58445,102.00108
400601,16.84366,102.16134
400602,16.75009,102.17543
400603,16.66943,102.15679
400604,16.80720,102.18867
400605,16.68649,102.09573
400606,16.71152,102.13699
400607,16.82888,102.04469
400608,16.85469,102.09366
400609,16.75681,102.06887
400610,16.72381,102.03552
400701,16.75602,102.81647
400702,16.70245,102.83815
400703,16.71363,102.89110
400704,16.62815,102.96487
400705,16.78438,102.78099
400706,16.64316,102.77394
400707,16.56889,102.95591
400708,16.76602,102.97843
400709,16.65877,102.90643
400710,16.60129,102.88144
400711,16.73796,102.92976
400712,16.70682,102.76814
400801,16.68482,102.69461
400802,16.78384,102.67090
400803,16.70192,102.62866
400804,16.86326,102.68215
400805,16.92041,102.69898
400806,16.72995,102.67938
400901,16.72886,103.11267
400902,16.65291,103.08639
400905,16.66619,103.02557
400906,16.85970,103.08268
400907,16.76994,103.04961
400909,16.81634,103.15104
400910,16.72243,103.03397
400911,16.67031,103.12732
400912,16.83670,103.04850
401001,16.11572,102.71040
401002,16.08774,102.76108
401005,16.11461,102.66369
401009,15.99031,102.84130
401010,15.99307,102.76798
401011,16.11367,102.82597
401013,15.92363,102.79563
401014,16.02777,102.85613
401016,16.02128,102.73236
401017,16.05820,102.69349
401101,15.87515,102.90779
401102,15.88740,102.83451
401103,15.93752,102.86452
401104,15.84719,102.90176
401201,15.79245,102.64476
401203,15.85871,102.65573
401204,15.84644,102.59387
401205,15.75292,102.54767
401206,15.74199,102.63425
401207,15.84854,102.53890
401208,15.75242,102.48681
401209,15.89890,102.61124
401210,15.79742,102.54641
401211,15.76067,102.59405
401212,15.84748,102.68516
401213,15.87312,102.56933
401301,15.93081,102.50631
401302,15.91057,102.49340
401303,15.90814,102.39774
401304,15.94164,102.55046
401305,15.95174,102.41913
401401,15.80838,102.43535
401402,15.84253,102.46425
401403,15.87271,102.37224
401404,15.80549,102.36652
401405,15.73374,102.39871
401406,15.74650,102.42971
401501,15.70305,102.76513
401502,15.82197,102.80038
401503,15.70306,102.71458
401504,15.68775,102.84692
401505,15.83289,102.74388
401506,15.79262,102.72128
401507,15.81178,102.87166
401508,15.67824,102.80883
401509,15.75734,102.69538
401510,15.76662,102.78926
401511,15.86930,102.74347
401512,15.75101,102.84102
401601,16.69459,102.40812
401604,16.75056,102.46598
401605,16.58002,102.50548
401606,16.60426,102.32917
401607,16.71646,102.54764
401610,16.64892,102.43040
401612,16.62787,102.51373
401613,16.63030,102.36785
401614,16.74116,102.50890
401616,16.75081,102.43548
401617,16.67400,102.37185
401701,16.11085,102.51559
401702,16.16819,102.55647
401703,16.17796,102.63063
401704,16.24196,102.56649
401705,16.31687,102.47765
401706,16.19462,102.48662
401707,16.19777,102.41685
401710,16.26609,102.62839
401801,16.07915,102.62761
401802,16.03418,102.60030
401803,16.01404,102.48406
401804,15.99543,102.54070
401805,15.96804,102.60594
401806,16.11687,102.61332
401807,16.06170,102.54127
401808,15.94203,102.59062
401901,16.85903,102.82757
401902,16.86982,102.76288
401903,16.93752,102.77820
401904,17.02233,102.72816
401905,16.82842,102.87682
402001,16.65124,101.93405
402002,16.68050,101.86958
402003,16.67739,101.91977
402004,16.71094,101.81769
402005,16.76147,101.89958
402101,16.56667,103.05562
402102,16.61327,103.11852
402103,16.54901,103.01463
402104,16.50698,103.01721
402105,16.57938,103.09142
402201,16.10665,102.37795
402202,16.02488,102.39291
402203,16.07553,102.33269
402204,16.10211,102.44420
402301,16.83683,102.30179
402302,16.79470,102.33549
402303,16.77479,102.39314
402401,16.20298,102.77311
402402,16.19177,102.70171
402403,16.26320,102.79143
402404,16.17482,102.80224
402501,15.94034,102.66086
402502,15.98728,102.63834
402503,15.95328,102.72810
402504,16.02509,102.64796
402505,16.00524,102.68987
402901,16.74744,102.26801
402902,16.63898,102.23955
402903,16.72728,102.33788
410101,17.41210,102.79104
410102,17.36126,102.68645
410103,17.55030,102.74061
410104,17.40258,102.81956
410105,17.27647,102.77621
410106,17.28136,102.85267
410107,17.46525,102.75759
410108,17.45596,102.71020
410109,17.36128,102.90681
410110,17.48661,102.84948
410111,17.35709,102.74206
410112,17.42877,102.76371
410113,17.40901,102.69936
410114,17.44979,102.88408
410115,17.27350,102.69371
410116,17.54019,102.84589
410117,17.34786,102.79391
410118,17.34364,102.85774
410119,17.35056,102.63295
410120,17.51077,102.73754
410121,17.25425,102.88447
410201,17.39171,102.52332
410202,17.48458,102.57949
410203,17.40361,102.46005
410204,17.48879,102.66014
410205,17.48247,102.49155
410206,17.40400,102.58470
410207,17.44636,102.42511
410301,17.23491,102.63017
410302,17.18805,102.56486
410303,17.08707,102.56412
410304,17.05467,102.65075
410305,17.31808,102.50625
410306,17.31647,102.60993
410307,17.13484,102.56849
410308,17.29055,102.59140
410401,17.08588,102.95628
410402,17.13255,102.93777
410403,17.08590,103.08174
410404,17.15869,103.06939
410406,17.19916,103.00519
410407,17.05578,102.92568
410409,17.20882,102.87486
410410,16.99598,103.04539
410411,17.05613,102.89898
410413,17.17797,102.94098
410414,16.93459,103.06096
410415,17.11202,103.01101
410416,17.03952,103.00311
410501,16.96306,102.90284
410502,16.97033,102.97865
410503,16.97865,102.84503
410504,16.88542,102.95771
410505,17.03833,102.78644
410506,16.91133,102.86770
410601,17.37716,103.08731
410602,17.34545,103.17200
410605,17.25771,103.12208
410606,17.45648,103.11277
410607,17.43146,103.05650
410609,17.39216,103.23004
410610,17.40027,103.27463
410611,17.36012,102.96901
410612,17.33568,103.01211
410614,17.30696,103.08828
410617,17.41825,102.99780
410618,17.35002,103.25529
410701,17.49387,103.25223
410702,17.47535,103.18560
410703,17.54571,103.20420
410704,17.53404,103.17250
410801,17.27899,103.23255
410802,17.24118,103.21033
410803,17.21122,103.35529
410804,17.17616,103.27200
410901,16.98630,103.21439
410902,17.03451,103.17452
410903,16.99631,103.09894
410904,17.07691,103.28171
410905,17.01382,103.30948
410906,16.96888,103.28379
410907,17.05317,103.11963
411001,17.02200,103.46817
411002,16.96055,103.37153
411003,17.08086,103.42070
411004,17.12479,103.54657
411005,16.87358,103.43653
411006,16.94192,103.45050
411101,17.69250,103.26122
411102,17.72558,103.17923
411103,17.63522,103.37747
411104,17.67746,103.29104
411105,17.59161,103.31145
411106,17.82747,103.36055
411107,17.62853,103.19070
411108,17.76754,103.17356
411109,17.83744,103.21816
411110,17.75993,103.32571
411111,17.71445,103.36422
411112,17.57420,103.24490
411113,17.66636,103.12871
411701,17.68842,102.44986
411702,17.69290,102.54871
411703,17.56730,102.64045
411704,17.57982,102.51989
411705,17.57966,102.45695
411706,17.60610,102.41648
411707,17.61470,102.36271
411708,17.78934,102.37609
411709,17.69044,102.36176
411710,17.89419,102.32207
411711,17.60703,102.60951
411712,17.74910,102.45377
411713,17.51246,102.40525
411801,17.74735,102.23055
411802,17.72712,102.07914
411805,17.82238,102.28256
411806,17.68195,102.19793
411807,17.83013,102.20151
411810,17.75867,102.17382
411812,17.73431,102.28887
411901,17.66707,102.93349
411902,17.72218,102.86828
411903,17.60412,102.76334
411904,17.61419,102.84752
411905,17.61510,102.96268
411906,17.53317,102.97926
411907,17.68544,103.04947
411908,17.83538,102.90080
411909,17.63217,103.06057
411910,17.75725,102.93862
411911,17.52401,102.93958
412001,17.81513,103.08290
412002,17.86507,103.05388
412003,17.73595,103.03518
412004,17.79335,103.01716
412005,17.83399,103.03481
412006,17.73506,103.09367
412101,17.17878,102.82956
412102,17.11242,102.76517
412103,17.08441,102.83791
412104,17.18108,102.72775
412201,17.90952,102.20830
412202,17.87989,102.15151
412203,17.96582,102.07189
412204,17.97214,102.20046
412301,17.53579,103.05421
412302,17.56066,103.11840
412303,17.48325,103.03385
412401,17.15054,103.17476
412402,17.16100,103.19991
412403,17.21920,103.17488
412404,17.16118,103.12650
412501,17.26011,102.98803
412502,17.23681,102.93136
412503,17.23459,103.05633
420101,17.49324,101.72373
420102,17.53048,101.70307
420103,17.58200,101.74579
420104,17.60433,101.61404
420105,17.51772,101.64262
420106,17.44738,101.61058
420107,17.45921,101.74057
420108,17.40151,101.68038
420109,17.45082,101.84897
420110,17.61548,101.85025
420111,17.52973,101.77630
420112,17.68161,101.65897
420113,17.64043,101.73348
420114,17.52202,101.56167
420201,17.49148,102.03602
420202,17.59436,101.99029
420203,17.50276,101.91005
420204,17.43125,101.94315
420301,17.87670,101.65993
420302,17.74181,101.81710
420303,17.81622,101.66072
420304,17.81645,101.77820
420305,17.79581,101.60034
420306,17.95845,101.78898
420307,17.76772,101.73990
420308,17.72728,101.63442
420401,17.96943,101.89154
420402,17.83901,101.95190
420403,18.10149,102.02417
420404,17.74420,101.97852
420405,18.01599,101.97319
420406,17.76972,101.88704
420501,17.24106,101.16184
420502,17.48049,101.22576
420503,17.42246,101.15737
420504,17.36970,101.23357
420505,17.29225,101.28181
420506,17.16765,101.25527
420507,17.04296,101.09038
420508,17.12846,101.18618
420509,17.18608,101.37519
420510,17.34117,101.14649
420601,17.48307,101.06282
420602,17.49682,100.96785
420603,17.41976,101.01734
420604,17.33769,101.06158
420605,17.52015,100.89902
420701,17.46734,101.37364
420702,17.35740,101.48608
420703,17.36503,101.31739
420704,17.34116,101.41733
420705,17.49696,101.29081
420706,17.45908,101.48364
420801,17.56142,101.41490
420802,17.67767,101.44194
420803,17.65106,101.35346
420804,17.68236,101.53724
420805,17.53996,101.48673
420806,17.55645,101.32971
420901,17.28942,101.74717
420902,17.24199,101.59859
420903,17.25673,101.88595
420904,17.37775,101.56696
420905,17.36041,101.73401
420906,17.36004,101.82037
420910,17.21678,101.73237
420911,17.31207,101.67075
420912,17.17962,101.89395
420913,17.25776,101.79659
421001,16.88608,101.77362
421005,16.90629,102.00324
421007,16.92163,101.88460
421010,16.94310,101.93536
421101,17.12899,101.61415
421102,17.13644,101.68334
421104,17.13134,101.74245
421105,17.07846,101.53753
421106,17.04422,101.67595
421201,17.02831,101.96348
421202,17.01787,102.09721
421203,17.05262,102.03448
421204,17.10766,102.05089
421205,17.09983,101.93713
421301,17.36596,101.89816
421302,17.31900,101.95068
421303,17.22444,102.04231
421304,17.19198,101.99164
421401,17.12329,101.87157
421402,17.03172,101.87519
421403,17.07929,101.79233
430101,17.88931,102.75722
430102,17.86718,102.73212
430103,17.84270,102.77363
430104,17.85943,102.69984
430105,17.77854,102.67633
430106,17.84730,102.82866
430107,17.90810,102.82657
430108,17.94154,102.84730
430109,17.97807,102.95115
430110,17.77796,102.79380
430111,17.72380,102.81066
430113,17.74026,102.69283
430116,17.82649,102.74100
430117,17.79516,102.71594
430118,17.83648,102.69942
430119,17.95512,102.88239
430201,17.82919,102.56881
430202,17.84288,102.50988
430203,17.88724,102.59225
430204,17.79497,102.49204
430205,17.77190,102.57854
430206,17.76170,102.63339
430207,17.76795,102.52275
430208,17.78650,102.46123
430209,17.81632,102.62911
430210,17.70555,102.61701
430501,18.06094,103.13130
430502,17.97164,103.02519
430503,18.11442,103.11390
430504,17.97305,103.13163
430506,17.89876,102.97807
430507,17.91003,102.91473
430508,17.88153,103.13912
430509,17.92352,103.28311
430513,17.87529,103.29608
430521,17.93323,103.21080
430522,17.89769,103.03279
430701,17.94474,102.57548
430703,17.95196,102.50085
430704,17.97039,102.42644
430705,17.90868,102.50647
430801,18.03535,102.22613
430802,17.99086,102.34147
430803,18.15512,102.14857
430804,18.07617,102.13587
430805,18.07145,102.22133
431401,17.70878,102.74715
431402,17.64238,102.72882
431403,17.65306,102.65906
431501,18.00197,103.31024
431502,18.00076,103.36889
431503,18.02550,103.23089
431504,18.09211,103.26067
431505,17.91763,103.35590
431601,18.20890,103.17913
431602,18.17528,103.31117
431603,18.26855,103.25228
431604,18.16607,103.22366
431605,18.23697,103.22430
431701,17.85765,102.41800
431702,17.88371,102.44768
431703,17.93229,102.40489
440101,16.18709,103.30391
440102,16.15590,103.39545
440103,16.17288,103.45982
440104,16.13235,103.31268
440105,16.03122,103.26964
440106,16.00000,103.31626
440107,16.21040,103.31846
440108,16.16302,103.26275
440109,16.16573,103.18068
440110,16.21029,103.39758
440111,16.07493,103.30969
440112,16.13627,103.45676
440113,16.09691,103.24357
440114,15.99551,103.27404
440201,16.01832,103.38457
440202,16.05442,103.36594
440203,16.09504,103.38407
440204,16.07849,103.43775
440205,16.02918,103.43865
440301,16.24842,103.07148
440302,16.30350,103.10810
440303,16.22968,102.93133
440304,16.27920,102.88835
440305,16.26221,102.96802
440306,16.19515,103.10640
440307,16.14161,102.96797
440308,16.38101,102.95978
440309,16.19193,103.05104
440310,16.34610,103.06272
440311,16.26857,103.01320
440312,16.33511,102.95336
440313,16.31463,103.03363
440314,16.27890,103.14190
440315,16.19462,102.98090
440316,16.22026,103.13318
440317,16.16697,102.89068
440401,16.33747,103.31933
440402,16.29544,103.27551
440403,16.25149,103.36772
440404,16.24780,103.27652
440405,16.32023,103.20338
440406,16.24686,103.22929
440407,16.23309,103.18234
440408,16.34789,103.26249
440409,16.28822,103.37789
440410,16.27421,103.31550
440501,16.43667,103.08727
440503,16.35877,103.11839
440505,16.42586,103.15128
440506,16.42636,103.00563
440507,16.38431,103.06031
440508,16.47062,103.05013
440511,16.36794,103.14670
440512,16.37470,103.01013
440601,16.09324,103.11166
440602,16.11599,103.17417
440604,15.98637,103.06492
440605,15.95873,103.21739
440606,15.95877,103.14886
440607,15.92585,103.10867
440608,15.90034,103.07800
440610,16.02372,103.16945
440611,15.90293,103.19535
440613,15.94518,102.99916
440615,16.02220,103.03269
440616,15.92006,103.23495
440618,16.04564,103.08523
440619,16.07420,103.21128
440620,15.90553,103.16877
440701,15.77293,103.05375
440702,15.87349,103.00516
440703,15.88367,102.94624
440704,15.85063,103.06026
440705,15.76598,103.13106
440706,15.81001,102.96223
440707,15.77948,102.99789
440708,15.82160,103.12230
440709,15.72645,103.03335
440710,15.73165,103.08768
440801,15.49927,103.17335
440802,15.55591,103.22134
440803,15.46429,103.26231
440804,15.53814,103.11848
440805,15.63369,103.23348
440809,15.45443,103.32488
440810,15.54882,103.29931
440812,15.47452,103.38268
440815,15.56880,103.16604
440816,15.51647,103.26640
440817,15.59292,103.10891
440818,15.51057,103.30492
440819,15.48242,103.20354
440820,15.59364,103.25456
440901,15.82872,103.36222
440902,15.92560,103.40224
440903,15.94549,103.44764
440904,15.89813,103.30819
440905,15.74974,103.39390
440906,15.75707,103.34914
440907,15.89981,103.26930
440908,15.95156,103.34587
440909,15.83644,103.19272
440910,15.82273,103.27208
440911,15.88367,103.42995
440912,15.82021,103.42148
440913,15.89088,103.36797
440914,15.99203,103.42545
440915,15.87688,103.33417
441001,15.73340,103.21014
441002,15.73174,103.31562
441003,15.78235,103.23379
441004,15.65924,103.25614
441005,15.73286,103.16600
441006,15.68508,103.20075
441007,15.75876,103.26894
441008,15.71159,103.27457
441009,15.68963,103.25847
441101,15.68073,103.09181
441102,15.68221,103.02932
441103,15.63333,103.04234
441104,15.68433,103.14994
441105,15.65015,103.14197
441106,15.62406,103.11418
441107,15.63267,103.17919
441201,16.07190,102.99837
441202,16.06455,102.90816
441203,15.96295,102.95731
441204,15.98452,102.92875
441205,16.12838,103.04962
441301,16.56235,103.15025
441302,16.60552,103.15826
441303,16.49407,103.15127
441304,16.49863,103.11139
450101,16.04646,103.65287
450102,16.00085,103.63068
450103,16.07850,103.64961
450104,16.01988,103.59336
450105,15.96421,103.56950
450106,15.95072,103.61709
450108,16.12091,103.52374
450109,16.08547,103.52930
450110,16.00132,103.66531
450117,15.92389,103.67980
450118,16.10003,103.60675
450120,16.05914,103.59286
450123,15.89316,103.66930
450124,15.97353,103.66674
450125,15.92958,103.57669
450201,15.66653,103.60317
450202,15.59433,103.58533
450203,15.71533,103.55588
450204,15.71896,103.67170
450205,15.49183,103.52797
450206,15.70055,103.44815
450207,15.73399,103.61986
450208,15.56206,103.50242
450209,15.57919,103.65508
450210,15.63308,103.53214
450211,15.70312,103.50787
450212,15.49004,103.45858
450213,15.50715,103.60784
450301,15.65008,103.36932
450302,15.63116,103.30407
450303,15.68789,103.37475
450304,15.64680,103.43100
450305,15.58092,103.44029
450306,15.56624,103.36522
450307,15.60655,103.35120
450308,15.63339,103.47433
450401,15.84340,103.56469
450402,15.83789,103.50580
450403,15.87705,103.49723
450404,15.90523,103.53803
450405,15.89506,103.60057
450406,15.85867,103.64414
450407,15.80218,103.60294
450408,15.80331,103.66524
450409,15.77392,103.51517
450410,15.76025,103.42681
450411,15.78652,103.46869
450412,15.77110,103.57370
450501,16.04755,103.73287
450502,16.10044,103.85065
450503,15.99703,103.72220
450504,16.12298,103.81304
450506,16.03506,103.78371
450507,16.08516,103.73606
450510,15.94731,103.75475
450515,16.02457,103.81533
450517,15.95584,103.79223
450520,16.07101,103.85548
450522,15.94765,103.71804
450524,16.09770,103.77016
450601,15.68972,104.12406
450602,15.76320,104.11292
450603,15.77502,104.06335
450604,15.68786,103.99469
450605,15.75902,104.02136
450606,15.68597,104.04263
450607,15.63523,104.06935
450611,15.58026,104.09526
450612,15.63588,104.12305
450613,15.64263,104.16110
450614,15.70165,104.07933
450615,15.59699,104.13635
450617,15.80422,104.08579
450701,16.32515,103.98502
450702,16.16724,104.03247
450703,16.33176,103.86215
450704,16.21810,104.00266
450705,16.39093,104.00936
450706,16.32088,103.91740
450707,16.21722,103.94995
450708,16.24268,103.89073
450709,16.26890,103.86557
450710,16.39687,103.91292
450711,16.19810,104.08460
450712,16.27502,103.96973
450713,16.25727,104.04395
450714,16.20558,103.89086
450801,16.32957,103.75295
450802,16.24528,103.80776
450803,16.28101,103.81288
450804,16.39860,103.75347
450805,16.20447,103.76843
450806,16.41688,103.83603
450807,16.26277,103.76845
450808,16.19064,103.81460
450809,16.36973,103.81004
450901,16.32867,104.17150
450902,16.39462,104.29802
450903,16.40595,104.24876
450904,16.30966,104.10001
450905,16.26638,104.28235
450906,16.23239,104.14539
450907,16.28098,104.19040
450908,16.32253,104.30865
450909,16.19646,104.21531
451001,16.00662,103.95761
451002,15.87581,103.98621
451003,16.00377,103.99403
451004,16.14281,103.96543
451005,16.07518,103.93179
451006,16.09526,103.99069
451007,16.12575,103.88854
451008,15.94530,103.98482
451009,16.14861,104.15191
451010,16.04692,104.06996
451011,16.15694,103.87125
451012,15.95963,103.93359
451013,16.09102,104.04564
451014,16.13790,104.05298
451015,16.14880,103.92583
451016,16.18514,104.14452
451017,16.01167,103.96593
451018,16.01769,104.02302
451101,15.58883,103.81394
451102,15.64505,103.76501
451103,15.70626,103.74402
451104,15.60368,103.72743
451105,15.62866,103.85529
451106,15.71265,103.86438
451107,15.59983,103.89910
451108,15.48004,103.71145
451109,15.65062,103.90422
451110,15.73797,103.82031
451111,15.70244,103.89033
451112,15.67045,103.94316
451113,15.47774,103.81535
451114,15.57398,103.87235
451115,15.58342,103.92839
451201,15.82161,103.71119
451202,15.78452,103.81538
451203,15.74783,103.72243
451204,15.76676,103.76029
451205,15.81710,103.75787
451301,15.49398,104.00230
451302,15.47222,103.93599
451303,15.52893,103.91017
451304,15.44486,103.97114
451305,15.48087,103.89470
451401,15.84386,103.88794
451402,15.90577,103.87422
451403,15.85915,103.92702
451404,15.80327,103.95412
451405,15.74975,103.94714
451406,15.80616,103.87143
451407,15.86016,103.80600
451408,15.85241,103.76101
451409,15.91105,103.79323
451410,15.88337,103.72075
451501,16.38971,104.16393
451502,16.34367,104.07370
451503,16.42558,104.16454
451504,16.39273,104.09219
451601,15.97634,103.53856
451602,15.98062,103.48000
451603,16.00902,103.54722
451604,16.04331,103.53979
451605,16.03676,103.49409
451606,16.09587,103.47546
451607,15.95302,103.50793
451608,15.98795,103.52024
451701,16.18435,103.68608
451702,16.14159,103.63765
451703,16.20070,103.54047
451704,16.14670,103.59185
451705,16.18736,103.58077
451706,16.12085,103.67578
451707,16.17364,103.52043
451708,16.19270,103.62116
451801,16.19261,103.72385
451802,16.15098,103.80638
451803,16.16904,103.77002
451804,16.12783,103.74401
451805,16.10162,103.70653
451806,16.14823,103.71166
451901,15.62295,104.00075
451902,15.54316,104.06606
451903,15.55787,104.00886
451904,15.57908,103.96863
452001,16.03216,103.84764
452002,15.97132,103.85890
452003,15.98595,103.89435
452004,16.04007,103.89154
452005,15.96506,103.82782
460101,16.43779,103.51531
460102,16.44889,103.56963
460103,16.38203,103.50283
460104,16.52055,103.56874
460105,16.59256,103.50757
460106,16.45888,103.47466
460107,16.41810,103.62697
460108,16.52637,103.48289
460109,16.37551,103.57678
460111,16.58415,103.61917
460113,16.64121,103.50111
460115,16.52958,103.51782
460116,16.54153,103.65463
460117,16.60415,103.57293
460119,16.46998,103.54754
460120,16.55385,103.64477
460121,16.59221,103.44601
460201,16.56196,103.76980
460202,16.62184,103.73034
460203,16.62535,103.79090
460204,16.54949,103.82297
460205,16.53259,103.85784
460301,16.32644,103.54749
460302,16.31371,103.60394
460303,16.31480,103.65975
460304,16.24898,103.65345
460305,16.24940,103.56350
460308,16.29151,103.49115
460310,16.22294,103.61307
460311,16.35909,103.66700
460401,16.26839,103.73815
460402,16.32225,103.71011
460403,16.25567,103.70362
460501,16.52955,104.05332
460502,16.55738,103.98475
460503,16.61515,103.99365
460504,16.44333,104.10001
460505,16.46081,104.18147
460506,16.53918,104.16576
460507,16.46935,103.96937
460508,16.50604,103.91370
460509,16.57545,104.12191
460510,16.60626,104.05197
460511,16.44367,104.05265
460512,16.50107,103.99991
460601,16.68536,104.12202
460602,16.63202,104.13908
460603,16.75011,104.10135
460606,16.66490,104.06415
460608,16.71838,104.05584
460611,16.72120,104.12406
460701,16.39116,103.35008
460702,16.35388,103.41549
460703,16.38058,103.42312
460704,16.48705,103.41808
460705,16.52927,103.34691
460706,16.46182,103.26618
460707,16.40051,103.22769
460708,16.34133,103.36981
460709,16.43144,103.41870
460710,16.56111,103.42532
460711,16.44886,103.33731
460712,16.53085,103.37992
460713,16.35923,103.47035
460714,16.47034,103.20765
460715,16.31856,103.41125
460801,16.59839,103.21876
460802,16.65135,103.18232
460803,16.54470,103.27213
460804,16.59010,103.29469
460805,16.59055,103.34503
460806,16.69723,103.18024
460807,16.52767,103.20258
460808,16.52787,103.32183
460809,16.73623,103.17960
460901,16.74014,103.50164
460902,16.72293,103.57499
460903,16.67879,103.63020
460904,16.79554,103.60570
460905,16.67466,103.49059
460906,16.74799,103.62327
460907,16.70794,103.49036
460908,16.68205,103.55883
461001,16.92933,103.64368
461002,16.86619,103.61205
461005,16.94964,103.72813
461006,16.87045,103.67143
461007,17.02490,103.60370
461009,16.80412,103.66111
461101,16.90241,103.21456
461102,16.87079,103.17546
461103,16.88686,103.29931
461104,16.89028,103.13470
461105,16.88534,103.24640
461106,16.86934,103.36578
461201,16.64313,103.27809
461202,16.72337,103.39436
461203,16.76179,103.24441
461204,16.76392,103.42691
461205,16.64831,103.39331
461206,16.71551,103.22849
461207,16.78364,103.31573
461208,16.66871,103.32426
461209,16.82035,103.37202
461301,16.70867,103.75167
461302,16.65836,103.68492
461303,16.86977,103.73969
461304,16.83238,103.79137
461305,16.75592,103.66692
461306,16.79258,103.85707
461307,16.73553,103.72021
461308,16.69409,103.78854
461401,16.70561,103.84230
461402,16.61298,103.93116
461403,16.67028,103.90850
461404,16.59962,103.86952
461501,16.95568,103.52094
461502,16.81483,103.47699
461503,16.81227,103.54360
461504,16.91517,103.57109
461601,16.78890,104.04933
461602,16.76087,104.06067
461603,16.72195,104.00288
461604,16.78915,103.99096
461605,16.68105,103.97055
461701,16.42942,103.69161
461702,16.45762,103.77198
461703,16.52859,103.71111
461704,16.47535,103.63844
461705,16.49281,103.73795
461801,16.25223,103.46485
461802,16.24474,103.51859
461803,16.28241,103.43351
461804,16.32264,103.49306
461805,16.20973,103.48567
470101,17.16709,104.13849
470102,17.25055,104.02490
470103,17.12548,104.16524
470104,17.05634,104.19996
470106,17.25663,104.12015
470107,17.24211,104.18298
470109,17.11383,104.26398
470111,17.09970,104.23779
470112,17.08796,104.03394
470113,17.18951,104.01454
470115,17.07433,104.11113
470116,17.17558,104.08023
470117,17.13212,104.21573
470118,17.33725,104.06419
470120,17.22785,104.11003
470121,17.12787,104.29369
470201,17.33752,104.33505
470202,17.34919,104.29031
470203,17.36963,104.22294
470204,17.37581,104.37812
470205,17.36511,104.12561
470301,17.03754,103.73080
470303,17.09157,103.90641
470305,17.11959,103.74051
470401,17.35747,103.85565
470402,17.34263,103.91093
470403,17.31650,103.95087
470404,17.24437,103.93471
470405,17.27316,103.83902
470406,17.35172,103.79705
470407,17.20496,103.83494
470408,17.36956,103.98478
470409,17.42159,103.90134
470410,17.42199,103.99461
470501,17.39257,103.70626
470502,17.40378,103.66349
470503,17.32228,103.74839
470504,17.40380,103.75882
470505,17.42870,103.82772
470601,17.23619,103.64741
470602,17.31072,103.68448
470603,17.30652,103.58374
470604,17.22574,103.53668
470605,17.27732,103.52558
470701,17.17549,103.69525
470702,17.18313,103.75247
470703,17.15128,103.82885
470704,17.15852,103.72081
470801,17.64219,103.73316
470802,17.47201,103.73577
470803,17.59725,103.83991
470804,17.52778,103.85240
470805,17.73900,103.57696
470806,17.63615,103.63675
470807,17.76895,103.72515
470808,17.53596,103.71592
470809,17.67644,103.85123
470810,17.78739,103.58796
470811,17.69825,103.79007
470812,17.58905,103.74643
470813,17.76217,103.64085
470814,17.74380,103.73105
470901,17.85535,103.75598
470902,17.84088,103.85930
470903,17.86509,103.70103
470904,17.77697,103.83976
471001,17.85891,103.55644
471002,17.87444,103.49810
471003,17.99542,103.52218
471004,18.00294,103.58271
471005,17.94746,103.44850
471006,17.82172,103.40808
471007,17.92852,103.65113
471008,17.79128,103.48835
471009,17.87251,103.62604
471101,17.58042,104.01420
471102,17.54358,103.97008
471103,17.62979,103.92009
471104,17.72722,103.99242
471105,17.77847,103.92601
471106,17.71282,103.91866
471107,17.49439,103.96197
471108,17.68614,104.02449
471201,17.44462,103.46208
471203,17.51907,103.34639
471204,17.43762,103.38791
471206,17.31891,103.29950
471207,17.53845,103.39661
471208,17.62588,103.44615
471210,17.36838,103.38251
471211,17.44339,103.31093
471212,17.35781,103.33068
471213,17.41762,103.56811
471214,17.45136,103.63386
471215,17.47053,103.52408
471216,17.35648,103.57238
471217,17.35436,103.60997
471220,17.49106,103.58275
471221,17.53717,103.45530
471301,17.34843,103.46339
471302,17.28526,103.37076
471303,17.37327,103.51843
471304,17.29763,103.47269
471401,16.96860,104.20637
471402,17.03537,104.15801
471403,16.97602,104.12303
471404,16.89907,104.15922
471501,17.00273,104.25272
471502,16.99459,104.33014
471503,17.09426,104.32105
471504,17.04239,104.34498
471601,17.70290,103.52934
471602,17.57699,103.57868
471603,17.59968,103.52757
471604,17.55308,103.62645
471605,17.70694,103.43735
471701,17.21809,104.38002
471702,17.26822,104.24872
471703,17.20888,104.30541
471704,17.19427,104.22998
471705,17.13358,104.36484
471801,16.87015,103.90445
471802,16.90839,103.98022
471803,16.95133,103.83367
471804,16.96339,104.04237
480101,17.39309,104.79064
480102,17.42448,104.77206
480103,17.40036,104.66012
480104,17.41842,104.70395
480105,17.33912,104.54392
480106,17.35672,104.61762
480107,17.44357,104.73534
480108,17.26030,104.76123
480109,17.16907,104.76588
480110,17.32135,104.77050
480111,17.22001,104.72320
480112,17.33498,104.72845
480113,17.20522,104.78248
480114,17.32305,104.46423
480115,17.33344,104.68602
480201,17.21641,104.52119
480202,17.12373,104.58535
480203,17.21924,104.61746
480204,17.14528,104.46069
480205,17.19325,104.43064
480206,17.26761,104.46608
480207,17.27739,104.63986
480208,17.12429,104.51902
480301,17.57217,104.59733
480302,17.55119,104.58899
480303,17.58878,104.47615
480304,17.63598,104.43099
480305,17.70128,104.38891
480306,17.78593,104.30837
480311,17.50926,104.67341
480312,17.46928,104.64516
480314,17.77875,104.35730
480401,17.95720,104.21568
480402,17.98984,104.15251
480403,17.87642,104.21056
480404,17.79371,104.24453
480408,17.94363,104.17848
480409,17.87325,104.26022
480501,16.93968,104.70682
480502,16.92428,104.67675
480503,17.15067,104.69056
480504,17.00279,104.71671
480505,17.14081,104.73257
480506,17.05769,104.74646
480507,17.09541,104.74257
480508,16.86796,104.72645
480509,16.83758,104.67510
480510,16.91711,104.64947
480511,17.05715,104.72574
480512,16.97112,104.68443
480601,17.07914,104.64404
480602,17.06428,104.69712
480603,17.00737,104.59008
480604,17.11961,104.67731
480605,17.06267,104.60351
480607,17.01896,104.69636
480608,17.01464,104.65619
480609,16.99089,104.62812
480701,16.89663,104.50130
480702,17.03448,104.56750
480703,16.99357,104.47431
480704,16.97853,104.54187
480705,16.92843,104.55268
480706,16.91843,104.61222
480707,16.91928,104.39142
480708,16.93804,104.32867
480709,17.05201,104.53424
480712,16.92148,104.44424
480713,16.94323,104.37298
480715,16.91921,104.57532
480801,17.65322,104.28268
480802,17.56745,104.31047
480803,17.55791,104.23331
480804,17.72997,104.15520
480805,17.63621,104.20000
480806,17.66213,104.11494
480807,17.61442,104.35097
480808,17.54011,104.16789
480809,17.70507,104.29878
480901,17.47973,104.11646
480902,17.42462,104.10474
480903,17.55118,104.08500
480904,17.50607,104.14104
480905,17.60411,104.08407
480906,17.50670,104.05414
481001,17.44235,104.46425
481002,17.48934,104.36437
481003,17.51198,104.48263
481004,17.44106,104.52582
481005,17.47531,104.25616
481006,17.41248,104.42676
481007,17.46705,104.55993
481101,17.84383,104.04851
481102,17.87049,104.12902
481103,17.79628,104.10528
481201,17.07008,104.44358
481202,17.08439,104.50397
481203,17.08146,104.38618
481204,17.07685,104.47852
490101,16.56478,104.67731
490102,16.52183,104.73633
490103,16.61466,104.55327
490104,16.63179,104.69177
490105,16.59062,104.62189
490106,16.60728,104.50081
490107,16.47709,104.51956
490108,16.47558,104.76641
490109,16.72905,104.62884
490110,16.48136,104.66131
490111,16.35870,104.69964
490112,16.68227,104.50006
490113,16.57502,104.56776
490201,16.33463,104.55826
490202,16.37004,104.58285
490203,16.41378,104.60181
490204,16.40839,104.50180
490205,16.27444,104.60899
490206,16.34697,104.49307
490207,16.39370,104.44175
490301,16.30050,104.91843
490302,16.38464,104.85641
490303,16.25348,104.73212
490304,16.33788,104.79676
490305,16.23289,104.84301
490306,16.30198,104.85008
490307,16.41122,104.80849
490401,16.83150,104.50500
490402,16.81288,104.57557
490403,16.78263,104.19466
490404,16.74850,104.50043
490405,16.81059,104.62065
490406,16.78984,104.37805
490503,16.56834,104.45217
490504,16.59418,104.27081
490505,16.61045,104.45026
490506,16.69149,104.35964
490507,16.67111,104.29848
490508,16.67816,104.43655
490511,16.56214,104.49011
490512,16.49978,104.39939
490514,16.57030,104.39645
490601,16.71442,104.72601
490602,16.76900,104.73120
490603,16.65632,104.72135
490604,16.67697,104.73998
490605,16.80755,104.70798
490701,16.45818,104.35799
490702,16.48724,104.28730
490703,16.45492,104.42701
490704,16.40881,104.33943
490705,16.38546,104.38133
490706,16.50124,104.34088
500101,18.79583,98.98617
500102,18.78559,98.98553
500103,18.77528,98.98533
500104,18.79606,98.99699
500105,18.77608,99.00071
500106,18.78437,99.01232
500107,18.81507,98.91577
500108,18.79362,98.95537
500109,18.74844,98.93986
500110,18.73412,98.98379
500111,18.75961,99.01110
500112,18.76760,99.03266
500113,18.79372,99.02420
500114,18.81583,99.00891
500115,18.82287,98.99041
500116,18.85029,98.99690
500203,18.50157,98.61599
500204,18.45967,98.70241
500205,18.35916,98.65945
500206,18.25789,98.54506
500207,18.38245,98.54958
500209,18.25810,98.71674
500301,18.55012,98.41923
500302,18.47914,98.40944
500303,18.36547,98.20735
500304,18.71811,98.21898
500305,18.77079,98.40264
500307,18.51024,98.20187
500308,18.36265,98.36771
500401,19.39387,98.91967
500402,19.69004,98.88426
500403,19.47418,98.88486
500404,19.32256,98.93004
500405,19.38218,98.69043
500406,19.50632,99.07049
500407,19.54626,98.88034
500501,18.89827,99.18375
500502,18.80640,99.06919
500503,18.96987,99.13499
500504,18.85118,99.15318
500505,18.83227,99.11919
500506,18.83589,99.10485
500507,18.84223,99.08533
500508,18.80672,99.09876
500509,18.78474,99.09843
500510,18.81173,99.12666
500511,18.80487,99.14739
500512,18.84973,99.20529
500513,18.98219,99.24432
500514,18.95230,99.31617
500601,19.12238,98.93968
500602,19.15364,98.90784
500603,19.07974,98.91215
500604,19.14046,99.02131
500605,19.12120,99.05808
500606,19.11449,98.80739
500607,19.21691,99.05249
500608,19.05069,98.83197
500609,19.16562,98.69746
500610,19.18282,98.78334
500611,19.14649,98.85591
500612,19.26487,98.78710
500613,19.18820,98.95224
500701,18.91418,98.94861
500702,18.93059,98.93956
500703,18.95304,98.95588
500704,19.01019,98.94205
500705,19.02330,98.83524
500706,18.96570,98.89398
500707,18.90553,98.89160
500708,18.88738,98.82095
500709,18.89797,98.94358
500710,18.86128,98.93139
500711,18.90606,98.98375
500801,18.84497,98.71616
500802,18.98024,98.73022
500803,18.95354,98.64612
500804,18.85199,98.56492
500805,18.99034,98.51506
500901,19.92373,99.21779
500903,19.99088,99.07368
500904,19.84808,99.06169
500905,19.84844,99.13840
500906,19.88143,99.18004
500910,19.80399,99.27832
500911,19.76861,99.27743
500912,20.00985,99.14096
501001,20.06296,99.25774
501002,20.04159,99.18763
501003,19.95113,99.27371
501004,19.98613,99.37317
501005,20.09015,99.47308
501006,19.85720,99.35318
501007,20.06539,99.31139
501101,19.37779,99.20073
501102,19.35601,99.19644
501103,19.38134,99.27234
501104,19.44218,99.26286
501105,19.47896,99.21589
501106,19.39011,99.13979
501107,19.33272,99.12027
501108,19.30916,99.15873
501109,19.29233,99.25998
501110,19.22057,99.21859
501111,19.08740,99.23102
501201,18.61741,98.88111
501202,18.65387,98.88760
501203,18.52524,98.86394
501204,18.59772,98.91130
501205,18.55314,98.92508
501206,18.63457,98.84296
501207,18.56358,98.87645
501208,18.58340,98.84786
501210,18.60290,98.92746
501214,18.67770,98.84274
501215,18.57236,98.90279
501301,18.73915,99.09707
501302,18.73906,99.13876
501303,18.75143,99.18082
501304,18.70511,99.10726
501305,18.72148,99.15130
501306,18.69981,99.22980
501310,18.77892,99.12724
501311,18.78326,99.18848
501312,18.75806,99.07799
501313,18.77447,99.05930
501401,18.85604,99.04553
501402,18.82544,99.03312
501403,18.80940,99.04013
501404,18.83894,99.06162
501405,18.86365,99.08891
501406,18.90868,99.10482
501407,18.85038,99.02312
501408,18.91745,99.00648
501409,19.05300,99.00979
501410,18.98871,99.01289
501411,18.88551,99.07793
501412,18.92573,99.05347
501501,18.68731,98.91750
501502,18.66609,98.93184
501503,18.64802,98.93060
501504,18.61104,98.94703
501505,18.66543,98.95297
501506,18.68079,98.97797
501507,18.70354,98.92994
501508,18.71597,98.96028
501509,18.72852,98.92829
501510,18.79696,98.82642
501511,18.72299,98.86577
501601,18.15985,98.53578
501602,18.10476,98.57919
501603,18.09171,98.71292
501604,18.13718,98.36887
501605,18.15125,98.22799
501606,18.00286,98.51735
501701,17.92949,98.75923
501702,17.97418,98.66192
501703,17.88870,98.54991
501704,18.05615,98.62894
501705,18.02621,98.63828
501706,17.89931,98.81272
501801,17.90763,98.36579
501802,17.68580,98.40248
501803,17.40201,98.37950
501804,17.44605,98.49943
501805,17.67117,98.20767
501806,17.83393,98.15497
501901,18.70869,99.03634
501902,18.67926,99.04418
501903,18.69440,99.06866
501904,18.74397,99.04307
501905,18.66600,98.97976
501906,18.69324,99.02127
501907,18.73800,99.02100
501908,18.66002,98.99756
501909,18.69510,98.99734
501910,18.72923,98.99860
501911,18.63444,98.96578
501912,18.74093,99.05456
502001,19.57030,98.64181
502002,19.69158,98.65666
502003,19.64691,98.59691
502101,19.75121,99.14322
502102,19.64485,99.16855
502103,19.72580,99.25324
502104,19.76310,99.03273
502201,18.62177,98.76566
502202,18.58679,98.76631
502203,18.56598,98.83573
502204,18.69140,98.61560
502205,18.68626,98.76927
502301,18.80513,99.30464
502302,18.75008,99.25928
502303,18.81221,99.23076
502304,18.88120,99.32223
502305,18.59769,99.28791
502306,18.70229,99.30108
502401,18.48678,98.78505
502402,18.50397,98.84479
502403,18.56089,98.79746
502404,18.56801,98.68884
502501,19.06888,98.31340
502502,18.95643,98.28405
502503,18.98001,98.26749
510101,18.58191,99.01061
510102,18.61310,99.02673
510103,18.64337,99.04182
510104,18.65224,99.01242
510105,18.62017,98.98692
510106,18.59365,98.97488
510107,18.56339,98.97320
510108,18.52057,98.95432
510109,18.47153,98.98029
510110,18.51503,99.03027
510111,18.55581,99.02168
510112,18.57399,99.05877
510113,18.59260,99.11460
510116,18.50422,99.11828
510117,18.50402,98.98513
510201,18.50773,99.24905
510202,18.40765,99.13480
510203,18.35060,99.05347
510204,18.37194,98.96343
510205,18.44031,99.03530
510206,18.23921,98.98036
510301,18.29836,98.82002
510302,18.21835,98.86184
510303,18.36559,98.80718
510304,18.37594,98.74904
510305,18.31826,98.71864
510401,17.78515,98.97030
510402,17.96125,98.92098
510403,17.68329,98.96922
510404,17.73407,99.04755
510405,17.61248,98.78497
510406,17.74507,98.81883
510408,17.85585,98.93971
510409,18.08554,98.89039
510501,17.98163,99.04727
510502,17.87241,99.09494
510503,18.11019,99.02114
510601,18.53053,98.91416
510602,18.51124,98.93299
510603,18.49947,98.90978
510604,18.47775,98.94161
510605,18.51250,98.89064
510606,18.43641,98.92960
510607,18.47886,98.87907
510608,18.42046,98.82186
510611,18.36829,98.90044
510701,18.63405,99.15102
510702,18.66931,99.16035
510801,18.40552,98.72631
510802,18.41373,98.79112
510803,18.42330,98.74075
520101,18.30029,99.50489
520102,18.28797,99.50701
520103,18.28510,99.49307
520104,18.28600,99.47619
520105,18.26379,99.59160
520106,18.24573,99.46710
520107,18.20926,99.49870
520108,18.26557,99.43057
520109,18.52231,99.69087
520110,18.37723,99.63157
520111,18.32070,99.57578
520112,18.37109,99.55289
520113,18.46165,99.41714
520114,18.35669,99.44591
520115,18.52222,99.42396
520116,18.30760,99.45894
520117,18.38077,99.50033
520118,18.44155,99.55147
520119,18.45403,99.59865
520201,18.47527,99.78664
520202,18.36557,99.83300
520203,18.43795,99.92230
520204,18.33942,99.73992
520205,18.24831,99.73502
520301,18.23986,99.38594
520302,18.07073,99.30863
520303,18.18416,99.27388
520304,18.14954,99.40339
520305,18.19220,99.41243
520306,18.17989,99.34320
520307,18.06278,99.38810
520308,18.19269,99.39095
520309,18.25274,99.32970
520401,18.08032,99.25818
520402,18.18783,99.16558
520403,17.95834,99.14756
520404,18.11179,99.10033
520501,18.76705,99.97972
520502,18.73899,99.97173
520503,18.72711,99.88968
520504,18.95474,99.84916
520505,18.84671,99.92958
520506,18.81777,99.88572
520507,18.76829,99.87008
520508,18.77779,100.05199
520509,18.59954,99.89391
520510,18.63157,100.03860
520601,18.69998,99.66105
520602,18.58617,99.55891
520603,18.79025,99.69877
520604,18.85687,99.57791
520605,18.62162,99.68010
520606,18.91493,99.69013
520607,18.72772,99.55571
520701,19.23758,99.62944
520702,19.15590,99.58622
520703,19.08250,99.57733
520704,18.98010,99.60167
520705,19.06504,99.72149
520706,19.15378,99.65078
520707,19.33715,99.64471
520708,19.08136,99.64812
520801,17.62338,99.22768
520802,17.46600,99.21850
520803,17.68819,99.30720
520804,17.62625,99.37803
520805,17.38457,99.35949
520806,17.65590,99.12712
520807,17.77198,99.21567
520808,17.57310,99.20187
520901,17.50382,98.99629
520902,17.56148,99.07316
520903,17.52460,99.13180
520904,17.42194,99.17261
521001,18.18892,99.57389
521002,18.12046,99.53779
521003,18.11547,99.48193
521004,18.05219,99.57295
521005,18.05338,99.48164
521006,18.14255,99.45133
521007,18.10882,99.67541
521008,18.17000,99.69236
521010,18.09587,99.60502
521011,17.97770,99.48221
521101,17.84787,99.34342
521102,17.89463,99.42320
521103,17.96076,99.35191
521104,17.90230,99.26925
521201,18.34614,99.35008
521202,18.35784,99.38921
521203,18.28224,99.18982
521204,18.29178,99.37977
521205,18.39258,99.25914
521206,18.33087,99.22213
521207,18.42598,99.33774
521301,18.79401,99.43184
521302,18.68773,99.42672
521303,18.59646,99.43358
521304,18.89046,99.43111
521305,18.97512,99.50805
530101,17.63066,100.09985
530102,17.64245,100.07990
530103,17.58817,100.09964
530104,17.60191,100.14517
530105,17.62259,100.16479
530106,17.54409,100.09257
530107,17.55438,100.16733
530108,17.70423,100.10296
530109,17.70548,100.18170
530110,17.78035,100.13452
530111,17.65380,100.27848
530112,17.63912,100.23577
530113,17.75379,100.26941
530114,17.66508,100.30859
530115,17.67909,100.34174
530116,17.76032,100.22973
530117,17.63564,100.35606
530201,17.50092,100.12199
530202,17.44543,100.13817
530203,17.42953,100.10610
530204,17.46045,100.21223
530205,17.49665,99.97795
530301,17.82033,100.43142
530302,17.76447,100.32804
530303,17.72671,100.45856
530304,17.83799,100.34825
530305,17.84370,100.22853
530306,17.92134,100.59668
530307,17.96882,100.42884
530308,17.71304,100.32803
530401,17.73582,100.63403
530402,17.76909,100.76341
530403,17.84092,100.79229
530404,17.60171,100.53523
530405,17.60957,100.71190
530406,17.79646,100.93869
530501,18.06447,100.94362
530502,18.00355,100.82385
530503,17.93717,100.83763
530504,17.92481,100.76294
530601,18.13466,101.08017
530602,18.00097,101.08776
530603,17.95817,101.00689
530604,18.26702,101.05078
530701,17.29916,100.10684
530702,17.37205,100.10547
530703,17.36606,100.03449
530704,17.39750,100.09291
530705,17.29547,100.04137
530706,17.25171,100.09305
530707,17.23282,100.02770
530708,17.20049,100.11710
530709,17.17784,100.00855
530710,17.24622,100.21311
530711,17.32886,100.20979
530801,17.65672,100.03994
530802,17.73437,99.98943
530803,17.77631,100.05652
530804,17.67677,100.03709
530805,17.60867,99.98632
530806,17.53673,100.03382
530807,17.57595,100.01122
530808,17.54492,99.96231
530901,17.54416,100.42075
530902,17.44963,100.44880
530903,17.48458,100.27384
530904,17.57643,100.30346
540101,18.14230,100.14120
540102,18.11126,100.16307
540103,18.17919,100.24497
540104,18.07190,100.31432
540105,18.18068,100.18334
540106,18.15859,100.20750
540107,18.20570,100.11919
540108,18.21537,100.20291
540109,18.21210,100.24774
540110,18.16176,100.09722
540111,18.15855,100.24896
540112,18.13160,100.27513
540113,18.24836,100.12500
540114,18.24877,100.21740
540115,18.15899,100.16132
540116,18.22524,100.14107
540117,18.19536,100.15879
540118,17.99506,100.29640
540119,18.16482,100.19284
540120,18.12116,100.18465
540201,18.38836,100.36733
540204,18.29099,100.29988
540205,18.26241,100.33825
540206,18.22631,100.36478
540207,18.31815,100.34927
540208,18.31008,100.26150
540209,18.34162,100.25629
540210,18.36714,100.41319
540213,18.42550,100.50055
540214,18.40848,100.32025
540215,18.35910,100.22658
540301,18.13303,99.82035
540302,18.14904,99.86290
540303,18.16068,99.96823
540304,18.29671,100.00124
540305,18.03876,99.81298
540306,18.09779,99.77709
540307,17.96340,99.74793
540308,18.01556,99.71661
540309,17.98828,99.87970
540401,18.05434,100.10871
540402,18.02858,100.08817
540403,17.97768,100.20465
540404,18.06963,100.13721
540405,18.03329,100.17150
540406,18.04931,100.20020
540407,18.06182,100.02807
540408,18.09118,100.16873
540409,18.09569,100.12069
540410,18.09611,100.01381
540411,18.12235,100.04522
540412,18.06706,100.10859
540501,17.97336,100.03858
540502,17.96903,100.10311
540503,17.89522,99.93555
540504,17.89413,100.08096
540505,18.01890,100.01943
540601,18.47560,100.14869
540602,18.51026,100.14899
540603,18.41465,100.08911
540604,18.52081,100.27536
540605,18.33086,100.18462
540606,18.70146,100.23498
540607,18.36684,100.20147
540608,18.40061,100.20409
540701,17.85297,99.64622
540702,17.76202,99.43099
540703,18.00419,99.63692
540704,17.83040,99.81070
540705,17.87956,99.52735
540706,17.82721,99.46211
540707,17.95268,99.59053
540801,18.26852,100.21554
540802,18.27418,100.20012
540803,18.26428,100.14951
540804,18.28986,100.10093
540805,18.27209,100.25302
540806,18.32252,100.12176
550101,18.78525,100.78092
550102,18.97658,100.74149
550103,18.84270,100.74493
550104,18.77903,100.72361
550105,18.79606,100.69985
550106,18.76520,100.67540
550107,18.71354,100.68406
550108,18.74149,100.74106
550109,18.69679,100.74489
550116,18.73964,100.64976
550117,18.91987,100.62032
550202,18.75045,101.11469
550203,18.67594,100.98519
550204,18.67776,101.16250
550205,18.65303,100.95118
550206,18.82366,101.09404
550301,18.77833,100.43301
550302,18.85998,100.40951
550303,18.84435,100.49114
550304,18.92241,100.45710
550401,18.31394,100.68294
550402,18.29128,100.84315
550403,18.37341,100.77624
550404,18.20517,100.80669
550405,18.29038,100.56666
550406,18.35123,100.55758
550407,18.39437,100.62196
550501,19.16999,100.89922
550502,19.19809,100.83313
550503,19.22722,100.94158
550504,19.14292,100.96520
550505,19.09711,100.99540
550506,19.02179,101.00288
550509,19.21858,100.89688
550510,19.16546,100.84736
550511,19.24896,101.08134
550512,19.26179,101.00232
550513,19.13256,100.91837
550514,19.17197,100.93641
550601,19.12273,100.79642
550602,19.11410,100.68659
550603,19.20235,100.77368
550604,19.06895,100.93045
550605,19.01896,100.82393
550606,19.06712,100.71861
550607,19.09189,100.85465
550608,19.14813,100.73069
550609,19.12479,100.83014
550610,19.23198,100.68280
550701,18.58110,100.73936
550702,18.53495,100.81164
550703,18.57985,100.91978
550704,18.63806,100.77916
550705,18.66970,100.84964
550706,18.48750,100.76414
550707,18.44069,100.94776
550708,18.64083,100.72906
550709,18.61380,100.45958
550710,18.60228,100.64869
550711,18.50045,100.53689
550712,18.53858,100.99041
550713,18.67803,100.55716
550714,18.47744,100.63458
550715,18.63823,100.86551
550716,18.56609,100.66923
550717,18.66372,100.65951
550801,19.56311,100.92617
550802,19.48543,100.90338
550803,19.44403,100.88468
550804,19.39106,100.93299
550901,19.31567,100.96466
550902,19.32614,100.83292
550903,19.24492,100.86239
550904,19.34544,100.93012
550908,19.28548,100.98483
550909,19.26122,100.80905
551001,18.12350,100.71635
551002,18.19487,100.66745
551003,18.21921,100.51003
551004,18.11733,100.49085
551101,18.89488,100.90282
551102,18.95365,100.90675
551103,18.91406,101.03122
551201,19.30193,101.17384
551202,19.08166,101.19442
551204,18.97742,101.20258
551205,19.21171,101.19194
551301,19.33185,100.70064
551302,19.46612,100.67360
551303,19.39189,100.56455
551401,18.75650,100.80349
551402,18.69669,100.79545
551403,18.69774,100.87282
551404,18.73571,100.88322
551405,18.87963,100.82409
551406,18.73199,100.78967
551407,18.80010,100.88578
551501,19.54904,101.06859
551502,19.47620,101.15554
560101,19.16918,99.89921
560102,19.14409,99.91187
560104,19.08011,99.82827
560105,19.13781,99.82195
560106,19.22511,99.79304
560107,19.21637,99.88474
560108,19.32468,99.89127
560110,19.01595,99.90358
560111,19.28786,99.76575
560112,19.02778,99.99335
560113,19.20507,99.93086
560114,19.12642,99.88700
560115,19.15139,99.79152
560116,19.25191,99.77859
560118,19.17189,99.76845
560201,19.34597,100.10594
560202,19.26345,100.13045
560203,19.43297,100.10373
560204,19.49266,100.10117
560205,19.45176,100.16481
560206,19.37650,100.16349
560207,19.26693,100.21273
560301,19.53215,100.29897
560306,19.48236,100.21947
560307,19.49624,100.32590
560308,19.41031,100.27437
560309,19.52515,100.33420
560310,19.51577,100.45173
560311,19.51976,100.28143
560312,19.42137,100.44248
560313,19.57228,100.20778
560314,19.46806,100.29044
560401,18.88005,100.32958
560402,18.87317,100.21628
560403,18.99164,100.31026
560501,19.14618,99.96187
560502,19.15012,100.02179
560503,19.10198,100.06902
560504,18.98203,100.03325
560505,19.36916,100.02824
560506,19.18710,100.06430
560507,19.28269,100.06250
560508,18.93547,100.09894
560509,19.24182,100.05540
560510,19.13942,99.99840
560511,19.20392,99.98616
560512,19.08473,100.00860
560601,19.11210,100.20246
560602,19.13237,100.32910
560603,19.25884,100.29709
560604,19.27757,100.40640
560605,19.24792,100.53509
560606,19.20737,100.22719
560607,19.10846,100.45614
560701,19.33792,99.80260
560702,19.36391,99.75628
560703,19.31885,99.77697
560704,19.42575,99.77077
560705,19.39561,99.85752
560706,19.40131,99.78069
560801,19.67653,100.37955
560802,19.61536,100.35260
560803,19.62093,100.42988
560804,19.61653,100.29052
560805,19.57192,100.29464
560901,19.34892,99.96635
560902,19.23892,99.94924
560903,19.24088,99.98613
570101,19.90809,99.83250
570102,19.89838,99.86269
570103,19.98329,99.83178
570104,20.02405,99.84814
570105,20.05579,99.93958
570106,20.00547,99.70345
570107,19.85578,99.80598
570111,19.86756,99.70080
570112,19.90763,99.60924
570113,19.76111,99.91978
570114,19.96744,99.94442
570115,19.68461,99.93953
570116,19.80626,99.80523
570118,19.83657,99.85597
570120,19.92615,99.71191
570121,20.07961,99.87361
570202,19.86303,99.90581
570203,19.88642,100.04098
570204,19.94039,99.94629
570206,19.80156,99.99941
570208,19.90594,99.97935
570301,20.26539,100.35507
570302,20.20142,100.37429
570303,20.06499,100.40807
570304,19.98890,100.35264
570305,20.06052,100.29211
570308,20.14093,100.37264
570310,20.35527,100.30504
570401,19.69479,100.19704
570402,19.69051,100.08846
570403,19.65524,100.07714
570404,19.57018,100.05516
570405,19.61585,99.99107
570409,19.78612,100.35102
570410,19.68739,100.28575
570411,19.75447,100.17557
570412,19.59023,100.09948
570413,19.61575,100.14377
570501,19.60491,99.86943
570502,19.65624,99.83405
570503,19.71531,99.75392
570504,19.57506,99.78374
570505,19.55150,99.82115
570506,19.52883,99.78431
570507,19.62491,99.76647
570508,19.49317,99.64208
570509,19.49195,99.71257
570510,19.65471,99.69088
570511,19.61128,99.67400
570512,19.45825,99.73133
570513,19.54104,99.73811
570514,19.46683,99.83478
570515,19.52681,99.87532
570601,19.51039,100.01914
570602,19.57458,99.93183
570603,19.45927,100.02491
570605,19.49616,99.94874
570606,19.43841,99.94982
570701,20.13490,99.89413
570702,20.24380,99.97989
570703,20.25024,99.90316
570704,20.17909,99.80895
570705,20.16669,99.90193
570706,20.16143,100.01427
570708,20.09879,99.72051
570710,20.25494,99.86057
570711,20.20893,99.84597
570712,20.22411,99.93049
570713,20.20016,99.90772
570801,20.31189,100.07740
570802,20.28851,100.01741
570803,20.24672,100.19318
570804,20.34336,100.00968
570805,20.30144,100.25373
570806,20.24311,100.05234
570901,20.42771,99.90762
570902,20.29698,99.86745
570903,20.42168,99.96544
570904,20.36928,99.88679
570905,20.38360,99.95597
570906,20.40840,99.88124
570908,20.31696,99.93493
570909,20.34306,99.84469
571001,19.69042,99.56146
571002,19.71846,99.41407
571003,19.61147,99.57656
571004,19.63349,99.38831
571005,19.55199,99.40951
571006,19.83969,99.49426
571007,19.57393,99.54681
571101,19.45570,99.45075
571102,19.36138,99.45427
571103,19.30639,99.47154
571104,19.24389,99.40119
571105,19.24248,99.51333
571106,19.16269,99.37716
571107,19.09693,99.43851
571201,19.88966,100.11955
571202,19.93626,100.21366
571203,19.76627,100.10791
571204,19.85920,100.18465
571205,19.99092,100.17659
571301,20.11659,100.53576
571302,19.92825,100.44574
571303,20.12891,100.48477
571304,20.04495,100.48879
571401,19.80601,100.23191
571402,19.84526,100.26756
571403,19.92435,100.31505
571501,20.30864,99.64576
571502,20.27293,99.55515
571503,20.15633,99.63922
571504,20.28961,99.79015
571601,19.73005,99.67437
571602,19.75240,99.74741
571603,19.80725,99.75248
571604,19.78195,99.74154
571605,19.81645,99.65264
571701,19.97216,100.04729
571702,20.04792,100.00976
571703,20.04249,100.12039
571801,20.10300,100.06904
571802,20.13260,100.17435
571803,20.18115,100.13138
580101,19.29668,97.96683
580102,19.03981,97.97135
580103,19.19206,97.93108
580104,19.37757,97.90947
580105,19.49912,97.93863
580106,19.50028,98.05531
580109,19.20732,98.09153
580201,18.93470,97.87609
580202,18.84952,97.80955
580203,18.70278,97.93617
580204,18.74182,98.04858
580205,18.67489,97.82563
580206,18.88095,98.04995
580301,19.36227,98.41966
580302,19.53024,98.49525
580303,19.52569,98.38444
580304,19.29839,98.53300
580305,19.31946,98.32620
580306,19.22740,98.31375
580307,19.13672,98.56977
580401,18.26669,97.88861
580402,18.13364,97.96261
580403,18.34722,97.54382
580404,18.11258,98.05476
580405,18.08152,97.81006
580406,18.42760,97.73762
580408,18.26152,98.06182
580501,18.42327,97.93372
580502,18.53439,97.86855
580503,18.31387,97.96152
580504,18.60443,98.01842
580505,18.36175,98.09223
580506,18.52385,98.10717
580507,18.51650,98.00515
580508,18.59057,98.16518
580601,17.89840,97.89244
580602,18.00640,97.97901
580603,18.02073,98.16233
580604,17.80151,98.04320
580605,18.09855,98.15113
580606,17.90126,97.75779
580701,19.46914,98.20803
580702,19.62811,98.21135
580703,19.56702,98.30724
580704,19.67463,98.10454
600101,15.69896,100.12163
600102,15.62775,100.12073
600103,15.74283,100.18075
600104,15.71424,100.17062
600105,15.63214,100.06569
600106,15.68260,100.07406
600107,15.67159,100.12433
600108,15.76892,100.18449
600109,15.75868,100.10826
600110,15.79529,100.12257
600111,15.78884,100.05899
600112,15.63146,100.28198
600113,15.73884,100.08235
600114,15.72436,100.00478
600115,15.80536,99.96446
600116,15.64524,100.16741
600117,15.75094,100.13730
600201,15.55906,100.05967
600202,15.58544,100.11972
600203,15.59968,100.08019
600204,15.63757,100.05539
600205,15.62053,99.98113
600206,15.57906,99.97664
600207,15.54462,100.00889
600208,15.53680,99.96477
600209,15.50292,99.99003
600301,15.89556,100.31351
600302,15.75771,100.28705
600303,15.90293,100.32558
600304,15.86940,100.28256
600305,15.91546,100.25627
600306,15.85884,100.20316
600307,15.89308,100.39487
600308,15.83243,100.28235
600309,15.82804,100.23467
600310,15.82330,100.36019
600311,15.95039,100.30997
600312,15.76672,100.23187
600401,15.85035,100.66279
600402,15.94460,100.61708
600403,15.78830,100.55219
600404,15.90786,100.49375
600405,15.83901,100.46047
600406,15.85411,100.50469
600407,15.85875,100.42863
600408,15.94746,100.70429
600409,15.78795,100.71001
600501,15.90681,99.93697
600502,15.94850,100.04168
600503,15.87891,100.01308
600504,15.87155,99.94233
600505,15.93785,99.89840
600506,15.97625,99.86989
600507,16.01923,99.91525
600508,15.99453,99.97034
600509,16.07675,99.99507
600510,16.00188,100.09072
600511,16.12990,100.04082
600512,16.07805,100.05821
600513,15.98777,100.01302
600601,15.82533,100.09831
600602,15.85179,100.08261
600603,15.88516,100.14057
600604,15.84535,100.02605
600605,15.90270,100.07932
600701,15.26331,100.34441
600702,15.19186,100.42664
600703,15.12700,100.47115
600704,15.22382,100.48300
600705,15.37323,100.35457
600706,15.39465,100.26170
600707,15.19779,100.32367
600708,15.11415,100.39082
600709,15.21359,100.54568
600710,15.16094,100.38880
600801,15.63961,100.45942
600802,15.70253,100.43074
600803,15.58160,100.44005
600804,15.77551,100.46804
600805,15.64379,100.35682
600806,15.68149,100.53012
600807,15.57279,100.55452
600808,15.78434,100.39822
600809,15.73691,100.34719
600810,15.49842,100.52335
600901,15.61582,100.59470
600902,15.52300,100.64568
600903,15.70881,100.66408
600904,15.47319,100.71157
600905,15.40780,100.58026
600906,15.59323,100.75114
600907,15.72342,100.78173
600908,15.62868,100.68299
601001,15.45562,100.14874
601002,15.44209,100.19733
601003,15.48346,100.28369
601004,15.38816,100.18513
601005,15.51608,100.06817
601006,15.51349,100.11850
601007,15.58231,100.18251
601008,15.41956,100.17579
601009,15.46279,100.06959
601010,15.56374,100.34598
601011,15.51288,100.16726
601101,15.78363,99.73082
601102,15.71800,99.67354
601103,15.69594,99.86694
601104,15.65734,99.82353
601105,15.71633,99.79860
601106,15.68847,99.76840
601107,15.74466,99.89124
601108,15.77583,99.87897
601109,15.85414,99.76486
601110,15.84102,99.88123
601116,15.77825,99.66867
601117,15.77388,99.79755
601201,15.30994,100.49635
601202,15.32235,100.58204
601203,15.35918,100.53345
601204,15.33837,100.43326
601205,15.41019,100.46218
601206,15.47901,100.41731
601207,15.28009,100.44942
601301,15.77485,99.56369
601303,15.83933,99.28498
601304,15.84570,99.59195
601305,15.88100,99.52177
601401,15.68058,99.42222
601501,15.61824,99.54538
601502,15.70230,99.57025
610101,15.38443,100.02076
610102,15.35377,100.03081
610103,15.39040,100.05314
610104,15.40532,100.00181
610105,15.40020,100.07974
610106,15.36584,100.07264
610107,15.30500,100.05645
610108,15.42496,99.97079
610109,15.45791,100.00948
610110,15.45431,99.97274
610111,15.44149,100.02499
610112,15.39505,99.96275
610113,15.48735,99.97353
610114,15.46710,100.01966
610201,15.45934,99.88809
610202,15.45224,99.91881
610203,15.46965,99.93581
610204,15.49332,99.90870
610205,15.54756,99.91461
610206,15.52257,99.87008
610207,15.46460,99.83746
610208,15.50033,99.78192
610209,15.44770,99.80705
610210,15.47262,99.72744
610301,15.57049,99.85667
610302,15.60887,99.90335
610303,15.56032,99.73714
610304,15.63483,99.71723
610305,15.59281,99.66234
610401,15.39401,99.86417
610402,15.34836,99.82567
610403,15.34140,99.86514
610404,15.37859,99.81864
610405,15.42387,99.87438
610406,15.40677,99.80425
610407,15.36917,99.76558
610408,15.42683,99.82548
610409,15.31550,99.71251
610410,15.38847,99.69044
610501,15.34976,99.95783
610502,15.34872,99.90726
610503,15.39556,99.91319
610504,15.37109,99.91010
610505,15.42095,99.91947
610506,15.36818,99.98496
610507,15.33900,99.98587
610508,15.31472,100.00062
610509,15.30808,99.91727
610601,15.03776,99.47236
610602,15.05687,99.60494
610603,15.16405,99.55748
610604,15.28062,99.44060
610605,15.27876,99.71349
610606,15.18142,99.68267
610607,15.39286,99.17019
610609,15.04189,99.68097
610610,15.12992,99.68177
610611,15.02782,99.55552
610612,15.22450,99.65881
610613,15.06301,99.75800
610614,15.14297,99.43388
610701,15.52210,99.52445
610702,15.45389,99.64271
610703,15.40165,99.51719
610704,15.56926,99.31646
610705,15.53253,99.60487
610706,15.38523,99.59546
610801,15.27377,99.64476
610802,15.30953,99.49822
610803,15.26541,99.57747
620101,16.47109,99.53983
620102,16.31929,99.55356
620103,16.28301,99.46904
620104,16.44186,99.35200
620105,16.45957,99.50858
620106,16.52324,99.44008
620107,16.62914,99.47069
620110,16.56844,99.53711
620111,16.37047,99.69571
620112,16.50193,99.70399
620113,16.42695,99.61851
620114,16.32763,99.42559
620115,16.45088,99.45002
620117,16.38939,99.41721
620118,16.32905,99.63302
620119,16.52012,99.60402
620201,16.48311,99.89423
620202,16.44569,99.81880
620203,16.42612,99.75533
620204,16.47598,99.97016
620205,16.51313,99.80620
620206,16.38200,99.84555
620207,16.39025,99.94745
620301,16.18380,99.25408
620302,16.35055,99.18475
620303,16.10419,99.32049
620304,16.29475,99.26694
620403,16.12244,99.85340
620404,16.08642,99.91074
620405,16.05382,99.83376
620406,15.99023,99.80350
620407,15.91786,99.67269
620408,16.05240,99.74876
620409,16.00969,99.64955
620410,16.09590,99.68672
620411,15.97737,99.47483
620412,16.06367,99.60837
620413,16.10436,99.78980
620501,16.18173,99.69868
620502,16.25680,99.75203
620504,16.27286,99.67505
620505,16.16898,99.76763
620506,16.22626,99.79337
620507,16.20143,99.84135
620508,16.26972,99.62769
620509,16.19223,99.57821
620513,16.30433,99.72052
620516,16.24266,99.55337
620601,16.65239,99.52954
620602,16.74648,99.58366
620603,16.77947,99.48357
620604,16.78469,99.37238
620605,16.71218,99.70434
620606,16.57477,99.66737
620607,16.65721,99.67456
620608,16.65065,99.72331
620609,16.68520,99.60933
620610,16.78459,99.58993
620701,16.62616,99.86205
620702,16.57324,99.93527
620703,16.64079,99.78081
620704,16.56187,99.85861
620705,16.54135,99.97567
620706,16.69097,99.86020
620707,16.57049,99.78166
620801,16.30933,99.83273
620802,16.34332,99.91862
620803,16.28983,99.90328
620901,16.10282,99.51978
620902,16.09086,99.45695
620903,15.99540,99.25496
621001,16.28539,99.98395
621002,16.22062,99.99624
621003,16.15401,99.96883
621004,16.17471,99.90484
621101,16.58005,99.29085
621102,16.57997,99.35930
621103,16.59134,99.42504
630101,16.86625,99.12973
630102,16.88401,99.12128
630103,16.85336,99.12933
630104,16.89828,99.10621
630105,16.92781,99.04011
630106,16.95823,99.15935
630107,17.07238,99.30037
630108,16.91549,99.21881
630109,16.77317,99.24418
630111,16.76758,98.99259
630112,16.86553,99.07435
630113,16.79152,99.10175
630114,16.88879,99.36895
630115,16.85580,99.24918
630201,17.07198,99.10917
630202,17.03736,99.16780
630203,17.25380,99.27212
630204,17.00924,99.05673
630205,17.10139,99.00641
630206,16.98415,98.97126
630207,17.09527,98.90334
630301,17.20200,99.07021
630302,17.21189,99.12035
630303,17.36438,99.03782
630304,17.18705,99.01830
630305,17.48546,98.61216
630306,17.29087,99.14740
630401,16.96277,98.51882
630402,16.90868,98.55999
630403,17.07809,98.48120
630404,17.18697,98.57214
630405,17.04745,98.77787
630406,17.01088,98.66014
630501,17.64910,97.88494
630502,17.25613,98.26787
630503,17.49037,98.16616
630504,17.16885,98.37465
630505,17.71090,97.95730
630506,17.36436,98.21554
630601,16.71447,98.57415
630602,16.62517,98.66102
630603,16.78661,98.70062
630604,16.66485,98.56440
630605,16.87332,98.64063
630606,16.72865,98.49359
630607,16.75416,98.59999
630608,16.57589,98.66471
630609,16.74418,98.85442
630610,16.67507,98.64572
630701,16.40453,98.69908
630702,16.52555,98.69612
630703,16.50724,98.90515
630704,16.33053,98.69791
630705,16.43335,98.78493
630801,16.02000,98.94822
630802,16.01666,98.75269
630803,16.23371,98.97367
630804,15.67743,98.68779
630805,15.62050,98.99157
630806,16.06271,98.83420
630901,16.57735,99.13993
630902,16.69365,99.09915
630903,16.74071,99.17796
640101,17.01456,99.82256
640102,17.04588,99.91713
640103,17.02002,99.68542
640104,17.04112,99.82326
640105,16.96994,99.82242
640106,17.03296,99.77641
640107,16.97855,99.87032
640108,17.06474,99.86912
640109,16.91387,99.83814
640110,17.10889,99.68753
640201,16.90084,99.58536
640202,17.00421,99.60852
640203,16.91475,99.50382
640204,17.13052,99.55928
640205,17.16619,99.41554
640206,16.98947,99.46178
640207,17.04878,99.45958
640301,16.83642,99.83175
640302,16.87948,99.79903
640303,16.93024,99.77983
640304,16.78967,99.79576
640305,16.81124,99.71588
640306,16.74475,99.75121
640307,16.92542,99.68612
640308,16.79582,99.86140
640309,16.80871,99.64022
640310,16.75882,99.84032
640401,16.90169,99.95780
640402,16.94164,99.96429
640403,16.94198,100.04451
640404,17.00234,99.99705
640405,17.02872,99.97023
640406,16.92560,100.00941
640407,16.96966,99.93502
640408,17.00471,100.03702
640409,16.86854,99.87243
640410,16.85563,99.92190
640411,16.95536,100.07664
640501,17.51686,99.76289
640502,17.53419,99.81489
640503,17.60773,99.66955
640504,17.73009,99.59961
640505,17.64487,99.88267
640506,17.47780,99.75766
640507,17.44204,99.83166
640508,17.40314,99.77965
640509,17.55198,99.89969
640510,17.49157,99.60508
640511,17.42171,99.72540
640601,17.16108,99.85277
640602,17.14269,99.90570
640603,17.18542,99.88805
640604,17.16660,99.82178
640605,17.14365,99.81197
640606,17.19762,99.59233
640607,17.11233,99.89799
640608,17.18768,99.82564
640609,17.16174,99.76519
640610,17.08511,99.82790
640611,17.19368,99.77788
640612,17.11221,99.78666
640613,17.20877,99.67588
640701,17.31845,99.83377
640702,17.32826,99.86633
640703,17.24498,99.83404
640704,17.33935,99.81104
640705,17.30563,99.80424
640706,17.27524,99.85995
640707,17.30911,99.74339
640708,17.40265,99.92478
640709,17.21557,99.87743
640710,17.21178,99.83865
640711,17.21620,99.93795
640712,17.36150,99.77908
640713,17.24788,99.70353
640714,17.24653,99.76967
640801,17.37112,99.97727
640802,17.47392,99.95980
640803,17.42734,99.95256
640804,17.32257,99.95370
640805,17.28175,99.94676
640901,17.31379,99.68213
640902,17.37270,99.59527
640903,17.32072,99.56854
640904,17.37689,99.50349
640905,17.33314,99.64210
650101,16.81401,100.26410
650102,16.66409,100.28647
650103,16.80045,100.23549
650104,16.72005,100.23592
650105,16.79744,100.20320
650106,16.75762,100.19935
650107,16.83157,100.33482
650108,16.90953,100.42929
650109,16.92531,100.34374
650110,16.88949,100.25532
650111,16.87572,100.29128
650112,16.89171,100.21923
650113,16.85799,100.17333
650114,16.83101,100.23024
650115,16.84463,100.22418
650116,16.92762,100.26385
650117,16.80255,100.29367
650118,16.75432,100.27616
650119,16.91073,100.16076
650120,16.66615,100.23241
650201,17.13037,100.84698
650202,17.07946,100.71795
650203,16.91518,100.76735
650204,17.03477,100.94834
650205,17.24316,100.88597
650206,17.26650,100.82505
650207,17.39646,100.86733
650208,17.23935,100.95500
650209,17.14902,101.00538
650210,17.14649,100.76452
650211,16.89997,100.94906
650301,17.27486,100.57026
650302,17.32864,100.70345
650303,17.18178,100.55121
650304,17.35548,100.50315
650305,17.54383,100.80146
650306,17.22941,100.66300
650401,16.74142,100.10521
650402,16.67516,100.11872
650403,16.62498,100.05971
650404,16.65486,100.18482
650405,16.70394,100.00781
650406,16.64610,99.96238
650407,16.82559,100.06277
650408,16.75376,99.89575
650409,16.62712,100.13679
650410,16.81144,100.11147
650411,16.81760,99.98328
650501,16.59471,100.30200
650502,16.61979,100.25409
650503,16.57749,100.25750
650504,16.54523,100.27248
650505,16.66472,100.33080
650506,16.56090,100.34642
650507,16.61751,100.35742
650508,16.56365,100.41820
650509,16.59476,100.44826
650601,17.02313,100.18060
650602,16.95912,100.16817
650603,17.12503,100.13259
650604,16.93092,100.20579
650605,16.98544,100.24621
650606,17.12856,100.07249
650607,17.14289,100.03530
650608,17.05107,100.05044
650609,17.03317,100.11853
650610,17.10066,100.19092
650611,17.09750,100.26738
650612,17.17624,100.22535
650701,16.99916,100.31751
650702,17.03118,100.34964
650703,16.97380,100.29653
650704,17.06388,100.42512
650705,17.17276,100.33098
650706,17.24126,100.37552
650801,16.81965,100.39175
650802,16.60368,100.53555
650803,16.69745,100.37375
650804,17.01822,100.54177
650805,16.77374,100.35922
650806,16.90900,100.63957
650807,16.69922,100.51284
650808,16.79649,100.69405
650809,16.67357,100.44235
650810,16.84126,100.46531
650811,16.77852,100.44393
650901,16.68746,100.72116
650902,16.55072,100.76484
650903,16.44507,100.62857
650904,16.37998,100.66558
650905,16.54114,100.60566
650906,16.58285,100.64169
650907,16.45812,100.74603
660101,16.44241,100.35099
660102,16.50414,100.30295
660103,16.50626,100.26583
660104,16.50641,100.34452
660105,16.46629,100.35689
660106,16.45297,100.29227
660107,16.41948,100.26714
660108,16.39261,100.30643
660109,16.41470,100.35272
660110,16.39654,100.43170
660111,16.36957,100.37153
660112,16.29755,100.36293
660113,16.33386,100.43589
660115,16.49457,100.38887
660119,16.40544,100.49049
660120,16.34927,100.33856
660201,16.39669,100.59207
660202,16.43947,100.50172
660203,16.35317,100.57926
660204,16.33989,100.50642
660301,16.32096,100.30363
660302,16.27495,100.23296
660303,16.35296,100.25822
660304,16.35085,100.15123
660305,16.26897,100.16721
660306,16.31842,100.14185
660307,16.28642,100.08176
660401,16.21705,100.43053
660402,16.24207,100.42890
660403,16.24808,100.39702
660404,16.16820,100.42200
660405,16.23598,100.47889
660406,16.13155,100.50212
660407,16.13354,100.46740
660408,16.15517,100.35790
660409,16.25656,100.30648
660410,16.22837,100.37262
660411,16.21355,100.51444
660412,16.20067,100.29924
660413,16.17497,100.39246
660501,16.03165,100.38045
660502,16.11263,100.40029
660503,16.06023,100.38522
660504,15.99086,100.34963
660505,15.97394,100.42931
660506,16.03513,100.44080
660507,15.97686,100.48271
660508,16.03263,100.47907
660509,16.04860,100.51297
660514,16.08578,100.46814
660601,16.11519,100.26261
660602,16.14926,100.21236
660603,16.06604,100.17881
660604,16.07076,100.32285
660605,16.11534,100.31360
660606,16.01279,100.19230
660607,15.97413,100.20883
660608,16.01376,100.28455
660611,15.96630,100.27692
660612,16.04470,100.28509
660613,16.16275,100.29284
660701,16.50151,100.21149
660702,16.59334,100.20899
660703,16.42309,100.20932
660706,16.40349,100.13782
660707,16.38351,100.03045
660801,16.18802,100.57614
660802,16.18769,100.64713
660803,16.28373,100.57997
660804,16.10706,100.57034
660901,16.48829,100.46172
660902,16.51017,100.51695
660903,16.55845,100.55947
660904,16.54276,100.51268
660905,16.49165,100.55129
661001,16.16676,100.10702
661002,16.11549,100.12651
661003,16.22541,100.07665
661004,16.20088,100.22581
661005,16.20610,100.15563
661101,16.03163,100.63550
661102,15.97845,100.76277
661103,15.96784,100.53449
661104,15.98781,100.59203
661105,16.04420,100.57145
661201,16.49079,100.12290
661202,16.49075,100.05108
661203,16.55443,100.07632
661204,16.57299,100.15443
670101,16.41955,101.15152
670102,16.31811,101.30052
670103,16.34320,101.05657
670104,16.42392,101.12684
670105,16.44664,100.97424
670106,16.50617,101.14427
670107,16.58957,101.12564
670108,16.48060,101.20175
670109,16.48284,101.24599
670110,16.34298,101.15280
670111,16.39310,101.28923
670112,16.22942,101.24917
670113,16.25949,101.02772
670114,16.31635,101.19182
670115,16.18316,101.05789
670116,16.50779,101.36290
670117,16.15098,101.13742
670201,16.15570,100.88017
670202,16.12235,100.69455
670203,16.19570,100.77557
670204,16.24205,100.88906
670205,15.98480,100.84275
670206,16.04731,100.73041
670208,16.04279,100.93434
670209,16.18855,100.72291
670210,16.10781,100.82618
670301,16.78422,101.24340
670302,16.79974,101.23477
670303,16.76615,101.25420
670304,16.82401,101.22373
670305,16.83676,101.23994
670306,16.82838,101.20353
670307,16.83998,101.27871
670308,16.88671,101.34050
670309,16.78950,101.26681
670310,16.78607,101.35605
670311,16.84158,101.37916
670312,16.79156,101.16950
670313,16.75588,101.44581
670314,16.75784,101.14967
670315,16.74645,101.22690
670316,16.68486,101.20238
670317,16.61176,101.17979
670318,16.67247,101.11259
670319,16.63597,101.37213
670320,16.58966,101.29905
670321,16.63746,101.21907
670322,16.71461,101.24670
670323,16.76498,101.28689
670401,16.89300,101.23484
670402,17.02381,101.22236
670403,16.97650,101.25887
670404,16.85230,101.12579
670405,17.07997,101.33991
670406,16.86428,101.23274
670407,16.93309,101.15440
670408,16.83635,101.17058
670409,17.00747,101.39237
670501,15.66497,101.13655
670502,15.62168,101.06244
670503,15.71297,101.02255
670504,15.78298,101.17063
670505,15.68834,101.26936
670506,15.60179,101.23982
670507,15.59292,101.01300
670508,15.52567,101.04176
670509,15.55272,100.91372
670510,15.65512,100.97792
670511,15.74506,101.09174
670512,15.60551,100.93061
670513,15.79582,101.28864
670514,15.67468,100.88881
670601,15.45309,101.17888
670602,15.41341,101.03323
670603,15.37731,101.10534
670604,15.53047,101.18739
670605,15.47648,101.00848
670606,15.42146,101.25457
670607,15.44183,100.96872
670701,15.95482,101.11279
670702,16.06419,101.09419
670703,15.91271,100.97842
670704,15.95919,101.17906
670705,15.90615,101.16613
670706,16.10253,101.24895
670707,16.14046,101.03617
670708,15.99493,101.22153
670709,15.95110,100.97451
670710,15.98964,101.03537
670711,16.06828,101.14675
670712,16.07994,100.99193
670713,16.01019,101.31948
670801,15.80194,100.98208
670802,15.79559,100.91348
670803,15.87109,101.00244
670804,15.82363,101.11750
670805,15.75317,100.86144
670806,15.87904,100.86092
670807,15.81105,100.83656
670808,15.88703,101.26955
670809,15.79304,101.02823
670901,16.76330,101.61621
670902,16.93488,101.48168
670903,16.92188,101.61193
670904,16.71057,101.69223
671001,16.35410,100.81570
671002,16.30678,100.68930
671003,16.37331,100.92059
671004,16.38587,100.76141
671005,16.28193,100.75163
671101,16.71764,101.01169
671102,16.77723,101.05062
671103,16.62931,100.99628
671104,16.52742,101.05012
671105,16.53235,100.96545
671106,16.58345,100.90121
671107,16.83203,101.01917
700101,13.53534,99.82053
700102,13.54936,99.78372
700103,13.50813,99.78982
700104,13.60582,99.79103
700105,13.51036,99.72017
700106,13.50631,99.90297
700107,13.50154,99.87349
700108,13.46976,99.78738
700109,13.56449,99.83177
700110,13.60580,99.85846
700111,13.57254,99.86375
700112,13.54663,99.63722
700113,13.47703,99.74732
700114,13.56891,99.69868
700115,13.62370,99.75913
700116,13.58379,99.75126
700117,13.56960,99.81020
700118,13.55562,99.88860
700119,13.54201,99.84403
700120,13.48278,99.82016
700121,13.60156,99.81632
700122,13.51524,99.84476
700201,13.62322,99.61463
700202,13.65629,99.66384
700203,13.67393,99.52186
700204,13.65641,99.42837
700205,13.75118,99.43055
700206,13.53658,99.54395
700301,13.61601,99.23273
700302,13.65919,99.31411
700304,13.53236,99.42700
700307,13.42175,99.27742
700401,13.52080,99.95967
700402,13.55760,100.02966
700403,13.53256,99.98371
700404,13.50038,99.95316
700405,13.58505,99.96531
700406,13.61012,99.98098
700407,13.60998,100.01516
700408,13.60655,99.90430
700409,13.57215,99.92148
700410,13.52110,99.92857
700411,13.54107,99.95529
700412,13.51015,99.98681
700413,13.55182,100.00539
700501,13.81302,99.87463
700502,13.86903,99.87447
700503,13.91536,99.88677
700504,13.83144,99.88898
700505,13.82124,99.93251
700506,13.79119,99.92046
700507,13.77433,99.90633
700508,13.78489,99.88121
700509,13.77459,99.86241
700510,13.76717,99.81773
700511,13.79407,99.83378
700512,13.78740,99.78517
700513,13.79977,99.67919
700514,13.81832,99.83782
700515,13.83964,99.83283
700601,13.69628,99.95129
700602,13.70913,99.91298
700603,13.65466,99.96427
700604,13.65064,99.92133
700605,13.71252,99.99877
700606,13.67646,100.03319
700607,13.64313,100.02672
700701,13.69381,99.85255
700702,13.75422,99.90568
700703,13.74802,99.92899
700704,13.71740,99.88224
700705,13.70188,99.86127
700706,13.67645,99.88908
700707,13.64404,99.88791
700708,13.63209,99.85916
700709,13.63631,99.83038
700710,13.67279,99.82639
700711,13.74050,99.81357
700712,13.72098,99.83338
700713,13.69254,99.80835
700714,13.65339,99.79402
700715,13.74615,99.75410
700716,13.69413,99.76813
700717,13.67223,99.72042
700718,13.72990,99.70066
700719,13.74553,99.58884
700801,13.41555,99.68815
700802,13.34722,99.82131
700803,13.37076,99.77570
700804,13.40356,99.78226
700805,13.38335,99.84054
700806,13.41429,99.82535
700807,13.39813,99.86298
700808,13.45987,99.64504
700809,13.44145,99.82044
700810,13.30845,99.59591
700811,13.35303,99.85425
700812,13.34468,99.70802
700901,13.47560,99.86169
700902,13.42156,99.86479
700903,13.44990,99.87039
701001,13.42800,99.37861
701002,13.27683,99.35634
701003,13.45432,99.45581
710101,14.02844,99.52754
710102,14.01414,99.53558
710103,14.03297,99.55855
710104,14.03971,99.49662
710105,14.07896,99.49583
710106,14.06898,99.42830
710107,14.10788,99.40587
710108,14.15129,99.28990
710109,14.25324,99.23916
710110,13.96529,99.43736
710111,13.95287,99.51255
710113,13.89000,99.18465
710116,13.94184,99.41664
710201,14.11575,99.11519
710202,14.29704,99.03480
710203,14.07103,99.25450
710204,14.40815,98.74081
710205,14.24101,98.87078
710206,13.99984,99.13767
710207,14.09872,98.98952
710301,14.32963,99.47271
710302,14.22094,99.47353
710303,14.54554,99.36588
710305,14.45599,99.50313
710308,14.40450,99.43675
710309,14.53685,99.54648
710401,14.83452,99.03752
710402,14.61694,98.94182
710403,14.46119,99.22560
710404,14.35716,99.20607
710405,14.83748,99.19676
710406,14.50829,98.99516
710501,13.87302,99.78150
710502,13.91359,99.83781
710503,13.97235,99.80646
710504,13.90316,99.80082
710505,13.99256,99.74686
710506,13.92386,99.77418
710507,13.95409,99.75335
710508,13.83217,99.74953
710509,13.88276,99.83017
710510,14.06092,99.77848
710511,13.86726,99.72726
710512,14.01993,99.78473
710513,13.90345,99.75836
710514,13.92050,99.73421
710515,13.95595,99.85205
710516,13.84863,99.80286
710517,14.03393,99.82505
710601,13.96605,99.64179
710602,13.96189,99.66086
710603,13.97244,99.69541
710604,13.98881,99.58641
710605,14.05509,99.61873
710606,14.00193,99.64768
710607,13.93023,99.58684
710608,13.93539,99.61732
710609,13.88811,99.61484
710610,13.86120,99.65278
710611,13.91575,99.70233
710612,13.85283,99.52606
710613,13.80021,99.54846
710701,14.75734,98.64846
710702,14.74030,98.37445
710703,14.61206,98.74985
710704,14.53804,98.73687
710705,14.98965,98.80711
710706,14.63201,98.56829
710707,14.71103,98.76031
710801,15.12771,98.34671
710802,15.00384,98.54018
710803,15.36701,98.69751
710901,14.13210,99.69989
710902,14.16553,99.60979
710903,14.07098,99.66573
710904,14.06149,99.69132
710905,14.14383,99.75856
710906,14.23113,99.75999
710911,14.06829,99.72730
710912,14.19377,99.69014
711001,14.52576,99.78691
711002,14.64960,99.74689
711003,14.45966,99.70926
711004,14.74010,99.67461
711005,14.51101,99.64091
711006,14.63103,99.58281
711007,14.67984,99.64230
711101,13.81440,99.33317
711102,13.88248,99.43698
711103,13.84013,99.24675
711104,13.79449,99.42640
711201,14.65125,99.41349
711202,14.62691,99.52427
711203,14.76467,99.34681
711301,14.33364,99.63426
711302,14.40472,99.64971
711303,14.29091,99.74514
711304,14.36442,99.76842
720101,14.47356,100.11552
720102,14.46733,100.09578
720103,14.42834,100.09369
720104,14.45232,100.13210
720105,14.47227,100.16111
720106,14.45956,100.20835
720107,14.49444,100.20516
720108,14.53261,100.18899
720109,14.52261,100.10066
720110,14.44876,100.06674
720111,14.44637,100.04020
720112,14.52816,100.06095
720113,14.49475,99.99696
720114,14.57745,99.95927
720115,14.45601,100.00768
720116,14.44063,99.98040
720117,14.39226,99.98213
720118,14.50104,100.13811
720119,14.54317,100.10267
720120,14.54489,99.98832
720201,14.84764,100.09279
720202,14.89930,100.09448
720203,14.81006,100.11514
720204,14.79871,100.18116
720205,14.93300,100.08704
720206,14.86213,100.19060
720207,14.92082,100.15679
720208,14.86861,100.03632
720209,14.88320,99.97148
720210,14.89742,99.89171
720211,14.84960,99.98641
720212,14.86408,99.94380
720213,14.85123,100.13909
720214,14.90355,99.80898
720301,14.88961,99.71824
720302,14.78995,99.54336
720303,14.92868,99.54028
720304,14.81325,99.39344
720305,14.92908,99.66734
720306,14.85017,99.55482
720307,14.94782,99.37914
720401,14.40689,100.16647
720402,14.39549,100.12487
720403,14.34394,100.17026
720404,14.30259,100.10766
720405,14.28676,100.16438
720406,14.28723,100.22162
720407,14.33071,100.25605
720408,14.37028,100.23469
720409,14.42296,100.23491
720410,14.35807,100.14260
720411,14.38605,100.06817
720412,14.37184,100.01203
720413,14.32941,100.03768
720414,14.34423,100.10624
720501,14.61055,100.17196
720502,14.63365,100.11985
720503,14.57080,100.11585
720504,14.59904,100.08851
720505,14.71560,100.17738
720506,14.66050,100.20124
720507,14.64494,100.08240
720508,14.66451,100.13789
720509,14.55803,100.16642
720601,14.62164,99.99178
720602,14.65961,100.02756
720603,14.58961,100.00062
720604,14.65453,99.86670
720605,14.69222,99.87737
720701,14.21988,100.03323
720702,14.17695,100.07983
720703,14.19951,100.18024
720704,14.21163,100.10123
720705,14.26291,100.11313
720706,14.29140,99.98698
720707,14.26549,100.05404
720708,14.19528,100.02330
720709,14.24887,100.17649
720710,14.23457,100.06524
720711,14.23037,99.97901
720712,14.17200,99.92116
720713,14.20470,99.86344
720714,14.12652,99.85542
720715,14.16585,100.01259
720801,14.71513,100.10868
720802,14.75479,100.15195
720803,14.76076,100.09226
720804,14.75886,100.02681
720805,14.70751,100.03617
720806,14.80659,99.98692
720807,14.81208,100.05364
720901,14.37122,99.87649
720902,14.26343,99.87648
720903,14.30935,99.84951
720904,14.31538,99.94012
720905,14.32713,99.90758
720906,14.25844,99.96144
720907,14.42241,99.87949
720908,14.46810,99.90754
720909,14.51686,99.87868
720910,14.58423,99.85977
720911,14.38324,99.96007
720912,14.25517,99.90752
720913,14.37302,99.93250
721001,14.76904,99.92101
721002,14.72230,99.93767
721003,14.82854,99.92389
721004,14.81908,99.79551
721005,14.78585,99.70806
721006,14.76003,99.80227
730101,13.81878,100.05557
730102,13.74957,100.04219
730103,13.80935,100.08866
730104,13.80921,100.11164
730105,13.89179,100.05358
730106,13.87164,100.07041
730107,13.80614,100.04592
730108,13.73090,100.07363
730109,13.77712,100.07535
730110,13.83726,100.07387
730111,13.84711,100.04648
730112,13.85667,100.01605
730113,13.85229,99.99945
730114,13.84029,100.11344
730115,13.85212,100.09082
730116,13.78920,99.98835
730117,13.76677,100.00851
730118,13.85050,99.97625
730119,13.81119,100.02349
730120,13.76507,99.96791
730121,13.75180,99.95223
730122,13.80271,100.06718
730123,13.89273,100.00325
730124,13.91627,99.94924
730125,13.86465,99.92918
730201,13.97391,99.99398
730202,14.10880,99.94818
730203,14.01667,99.88114
730204,13.92061,100.01990
730205,13.96627,99.96073
730206,14.06016,100.01148
730207,14.03978,99.93940
730208,14.01790,100.03143
730209,14.09389,100.01604
730210,13.96638,99.91517
730211,14.12856,100.02432
730212,14.02307,99.97802
730213,14.00948,99.94775
730214,14.03388,99.85397
730215,13.97349,100.01090
730301,13.78509,100.19472
730302,13.78823,100.18351
730303,13.81508,100.17659
730304,13.77712,100.17733
730305,13.77416,100.16713
730306,13.76382,100.15389
730307,13.76423,100.19861
730308,13.78195,100.13817
730309,13.79312,100.12356
730310,13.75974,100.12166
730311,13.72602,100.12632
730312,13.81682,100.14592
730313,13.85871,100.14598
730314,13.86231,100.17729
730315,13.82749,100.19618
730316,13.82703,100.21879
730317,13.85856,100.22996
730318,13.87654,100.23637
730319,13.87510,100.19029
730320,13.90193,100.18998
730321,13.89537,100.23680
730322,13.84265,100.24384
730323,13.81011,100.20155
730324,13.79472,100.21920
730401,13.98523,100.07050
730402,13.92676,100.08082
730403,13.95786,100.04205
730404,13.93672,100.13479
730405,13.90817,100.14190
730406,13.88987,100.12376
730407,13.90439,100.10035
730408,14.01649,100.09230
730501,14.01407,100.16808
730502,13.96720,100.15429
730503,14.11095,100.09079
730504,14.03707,100.24299
730505,13.93110,100.19783
730506,14.05233,100.17465
730507,14.10416,100.14099
730508,14.09343,100.25010
730509,14.00028,100.11947
730510,14.12196,100.23944
730511,14.15679,100.22868
730512,13.98679,100.22406
730513,13.94396,100.25614
730514,13.96054,100.21169
730515,14.06460,100.09726
730601,13.71322,100.24187
730602,13.77993,100.26156
730603,13.77879,100.23712
730604,13.76799,100.29696
730605,13.77760,100.27902
730606,13.71553,100.21835
730607,13.70016,100.19577
730608,13.73659,100.28282
730609,13.74566,100.23441
730610,13.74017,100.32269
730611,13.74219,100.19820
730612,13.67689,100.09393
730613,13.70750,100.15204
730614,13.73155,100.23745
730615,13.69076,100.24131
730616,13.70092,100.26752
730701,13.79880,100.30597
730702,13.86678,100.28241
730703,13.81549,100.26152
740101,13.54574,100.27443
740102,13.53634,100.27154
740103,13.53522,100.27964
740104,13.49191,100.18834
740105,13.49347,100.15826
740106,13.47806,100.13035
740107,13.46401,100.09656
740108,13.54280,100.24789
740109,13.59220,100.29375
740110,13.56593,100.25150
740111,13.59872,100.33494
740112,13.61245,100.36081
740113,13.54442,100.38432
740114,13.53573,100.32209
740115,13.57787,100.21104
740116,13.50695,100.21420
740117,13.51197,100.26358
740118,13.54818,100.17816
740201,13.65149,100.25132
740202,13.70015,100.30799
740203,13.66879,100.26552
740204,13.67263,100.31435
740205,13.66057,100.22691
740206,13.63834,100.29228
740207,13.67005,100.18896
740208,13.62784,100.27036
740209,13.64015,100.32710
740210,13.62480,100.23674
740301,13.62161,100.10380
740302,13.57196,100.13188
740303,13.54894,100.09747
740304,13.52747,100.06084
740305,13.59421,100.05547
740306,13.61747,100.07967
740307,13.62707,100.12805
740308,13.65333,100.13086
740309,13.64085,100.18137
740310,13.60203,100.19155
740311,13.62030,100.18242
740312,13.66327,100.15945
750101,13.40074,99.99556
750102,13.38457,99.95223
750103,13.45065,100.04273
750104,13.41756,99.97681
750105,13.41170,100.02960
750106,13.40296,99.97351
750107,13.36077,99.98354
750108,13.44458,99.98774
750109,13.32505,99.95776
750110,13.47082,100.02207
750111,13.37500,100.00707
750201,13.47243,99.95524
750202,13.45357,99.92330
750203,13.47941,99.90798
750204,13.47173,99.92958
750205,13.48816,99.93513
750206,13.49591,100.01228
750207,13.45289,99.95445
750208,13.45126,99.93953
750209,13.48579,99.97881
750210,13.50342,99.92431
750211,13.48791,99.95740
750212,13.46234,99.96726
750213,13.46065,99.89725
750301,13.42292,99.96511
750302,13.41465,99.94894
750303,13.46323,99.99074
750304,13.39727,99.88860
750305,13.43200,99.90933
750306,13.43704,99.96698
750307,13.43275,99.93841
750308,13.38580,99.91952
750309,13.41391,99.91662
750310,13.33871,99.88094
750311,13.30719,99.89256
750312,13.40821,99.92435
760101,13.09913,99.94894
760102,13.11151,99.94405
760103,13.12965,100.01398
760104,13.05363,100.03283
760105,13.15235,99.91740
760106,13.15187,99.93944
760107,13.12964,99.96808
760108,13.10603,99.91592
760109,13.12097,99.90079
760110,13.15892,99.89043
760111,13.08902,99.93396
760112,13.07753,99.95718
760113,13.10927,99.99215
760114,13.08557,99.98042
760115,13.07451,100.00190
760116,13.08757,100.03205
760117,13.00197,100.04468
760118,13.12084,99.86545
760119,13.14916,99.86034
760120,13.13462,99.88960
760121,13.05480,99.97513
760122,13.01037,99.97662
760123,12.99193,100.00821
760124,13.04227,100.00381
760201,13.23107,99.81511
760202,13.25801,99.80919
760203,13.28515,99.83812
760204,13.20063,99.81246
760205,13.19219,99.87429
760206,13.17084,99.81848
760207,13.27627,99.77211
760208,13.31802,99.84065
760209,13.13717,99.81637
760210,13.30689,99.73367
760301,13.20890,99.70760
760302,13.10966,99.20572
760303,13.08101,99.57372
760304,13.09624,99.74873
760401,12.73663,99.94588
760402,12.87459,100.00362
760403,12.87453,99.94687
760404,12.81258,99.90345
760405,12.89738,99.97981
760406,12.71652,99.82759
760407,12.65056,99.80582
760408,12.68352,99.89199
760409,12.86521,99.89637
760501,12.96024,99.90443
760502,12.92163,99.86962
760503,12.99156,99.88482
760504,12.94279,99.97815
760505,12.97572,99.94508
760506,12.84451,99.80962
760507,12.91773,99.81401
760511,12.76721,99.68291
760512,12.94203,100.01358
760513,12.69603,99.70797
760514,12.96200,99.82460
760515,12.94699,99.94063
760601,13.05651,99.92210
760602,13.07858,99.91545
760603,13.08311,99.82020
760604,13.02456,99.88988
760605,13.05956,99.95347
760606,13.01814,99.93524
760607,13.04868,99.93626
760608,13.00072,99.95309
760609,13.05995,99.81254
760610,13.10286,99.89699
760611,13.09588,99.87688
760612,13.11217,99.81836
760613,13.07518,99.88074
760614,13.02491,99.86549
760615,13.03160,99.82305
760616,13.05811,99.90096
760617,13.01772,99.90943
760618,13.01012,99.78341
760701,13.20963,99.97893
760702,13.16308,100.01895
760703,13.15184,100.05496
760704,13.09955,100.04704
760705,13.03918,100.07336
760706,13.25913,99.90398
760707,13.24855,99.94121
760708,13.19906,99.93158
760709,13.15684,99.95815
760710,13.15335,99.97943
760801,12.94224,99.59180
760802,12.86692,99.63398
760803,12.93337,99.74531
760804,12.65429,99.47848
760805,13.00590,99.70666
760806,12.90528,99.35162
770101,11.81689,99.78842
770102,11.80444,99.71193
770103,11.75234,99.74136
770104,11.71256,99.68134
770105,11.90386,99.69829
770106,11.99566,99.74849
770201,12.06292,99.84504
770202,12.09326,99.90241
770203,12.13508,99.96015
770204,12.13947,99.92706
770206,12.14547,99.83641
770207,12.11115,99.68184
770301,11.52607,99.62579
770302,11.45816,99.48867
770303,11.51233,99.51310
770304,11.56695,99.55741
770305,11.63511,99.63616
770306,11.57117,99.62754
770401,11.25754,99.49817
770402,11.18225,99.46716
770403,11.30587,99.39609
770404,11.34145,99.53776
770405,11.39157,99.47707
770406,11.19853,99.36646
770407,11.23059,99.54154
770501,11.06530,99.42188
770502,11.10295,99.43885
770503,11.01317,99.42958
770504,11.12012,99.31412
770505,11.02745,99.21931
770601,12.35853,99.93600
770602,12.41496,99.88552
770604,12.39061,99.97956
770607,12.40430,99.82023
770608,12.41585,99.94709
770609,12.40575,99.51943
770701,12.59109,99.93777
770702,12.49746,99.95987
770703,12.59600,99.85550
770704,12.56629,99.70181
770705,12.52104,99.85748
770706,12.50933,99.52882
770707,12.44179,99.69950
770801,12.25431,99.95918
770802,12.30273,99.61942
770803,12.20493,99.53824
770804,12.26683,99.54929
770805,12.21160,99.77153
800101,8.40427,99.97302
800102,8.44892,99.96409
800103,8.43458,99.96642
800106,8.42849,100.04496
800107,8.44215,100.00212
800108,8.46554,99.91421
800112,8.40180,99.86810
800113,8.39890,99.90811
800114,8.39922,99.94907
800115,8.45455,99.92391
800116,8.46080,99.84421
800118,8.42371,99.92029
800119,8.37714,100.05548
800120,8.52978,99.97581
800121,8.49998,100.03218
800122,8.32330,100.01953
800201,8.50141,99.79540
800202,8.52776,99.86880
800203,8.53211,99.92567
800204,8.58060,99.77070
800205,8.51139,99.88923
800301,8.37155,99.74406
800302,8.30534,99.77196
800303,8.41819,99.82094
800304,8.43119,99.74956
800305,8.33769,99.83995
800401,8.39233,99.50012
800403,8.46657,99.64087
800404,8.49529,99.52672
800405,8.45895,99.47488
800406,8.51694,99.45805
800407,8.42222,99.46206
800409,8.59387,99.47250
800410,8.45290,99.55325
800415,8.52770,99.49775
800416,8.39763,99.55138
800501,8.55659,99.64720
800502,8.63441,99.51338
800503,8.63596,99.61389
800504,8.52005,99.65719
800505,8.53015,99.54714
800601,8.19604,100.12276
800603,8.13636,100.16628
800604,8.15199,100.19496
800605,8.18539,100.20698
800606,8.19979,100.16173
800607,8.14769,100.11217
800610,8.15689,100.21849
800611,8.07433,100.15071
800612,8.06465,100.18643
800613,8.07533,100.09585
800701,8.00191,100.01027
800702,7.94150,100.00052
800703,7.97517,99.96412
800704,7.94426,100.09228
800705,7.91224,99.86357
800706,8.06322,99.99920
800707,7.87065,100.02637
800708,7.90846,99.94570
800709,8.01020,99.89536
800710,7.97745,99.88495
800711,7.91129,100.01479
800801,8.63573,99.93962
800802,8.81611,99.89577
800803,8.71644,99.89363
800804,8.61993,99.86980
800806,8.75132,99.88103
800807,8.59027,99.87506
800809,8.65953,99.88038
800810,8.56208,99.88682
800811,8.77559,99.82937
800813,8.60466,99.93020
800901,8.16690,99.68780
800902,8.16760,99.66261
800903,8.19797,99.63046
800904,8.15390,99.60365
800905,8.11334,99.58897
800906,8.23879,99.71101
800907,8.03617,99.59498
800908,8.02868,99.69516
800909,8.09218,99.66810
800910,7.95525,99.78022
800911,8.16606,99.74406
800912,8.20857,99.57332
800913,8.17894,99.49732
801001,8.25180,99.61151
801002,8.28195,99.49132
801003,8.27867,99.53474
801101,8.30129,99.34750
801102,8.37587,99.34829
801103,8.36570,99.43101
801104,8.19735,99.33797
801105,8.28101,99.43159
801106,8.39338,99.27898
801107,8.18541,99.40130
801201,8.35081,100.19986
801202,8.36286,100.11323
801203,8.24485,100.12136
801204,8.27883,100.05443
801205,8.31618,100.14526
801206,8.27406,100.09217
801207,8.28136,100.14518
801208,8.31196,100.18596
801209,8.47687,100.17725
801210,8.36334,100.16197
801211,8.24469,100.19194
801212,8.32638,100.23195
801213,8.23021,100.15431
801214,8.40997,100.19166
801215,8.29281,100.22548
801216,8.26921,100.25272
801217,8.25391,100.22021
801218,8.20538,100.25891
801301,8.15316,99.81943
801302,8.26532,99.82971
801303,8.25844,99.92670
801304,8.13458,99.89880
801305,8.16094,99.97610
801306,8.18010,99.91808
801401,9.01565,99.89111
801402,8.95276,99.87720
801403,8.91258,99.82068
801404,8.89137,99.89124
801405,8.83673,99.84679
801406,9.02465,99.80478
801407,8.86167,99.77767
801408,8.92868,99.74216
801409,9.06968,99.86095
801501,9.16220,99.84510
801502,9.17614,99.77912
801503,9.26882,99.82067
801601,8.04322,100.28364
801602,8.01461,100.31794
801603,8.04294,100.22523
801604,7.96923,100.19325
801605,7.97508,100.27260
801606,8.08366,100.24205
801607,8.10799,100.24576
801608,8.14538,100.24832
801609,7.91336,100.20791
801610,7.94661,100.29113
801611,8.13042,100.28516
801701,8.07187,99.46259
801702,7.96428,99.44898
801703,7.98495,99.55671
801704,7.94154,99.50850
801801,8.43076,99.39812
801802,8.49050,99.41340
801803,8.46680,99.33745
801901,8.03284,99.91038
801902,8.05466,99.93295
801903,8.09657,99.93254
801904,8.10850,99.83895
801905,8.04002,99.83025
801906,8.07645,99.85544
802001,8.34066,99.90927
802002,8.36884,99.90765
802003,8.29527,99.91055
802004,8.31702,99.96304
802101,8.72774,99.74165
802102,8.80305,99.63286
802103,8.67145,99.82066
802104,8.65485,99.76006
802201,8.35150,99.64675
802202,8.34495,99.55269
802203,8.41255,99.62460
802301,8.19071,100.08822
802302,8.21486,100.04360
802303,8.12507,100.06530
802304,8.22552,100.00735
810101,8.07304,98.91139
810102,8.09659,98.90371
810103,8.18078,98.96927
810105,8.23146,98.79544
810106,8.15738,98.78976
810111,8.19932,98.87502
810115,8.07454,98.88049
810116,8.04526,98.83229
810117,8.07681,98.77291
810118,8.04539,98.93774
810201,8.22109,99.04831
810202,8.33258,99.11921
810203,8.27095,99.25925
810204,8.24140,99.13543
810205,8.36449,98.96647
810206,8.17812,99.24386
810301,7.52032,99.07894
810302,7.63695,99.09063
810303,7.75988,99.06358
810304,7.80220,99.09855
810305,7.60764,99.05873
810401,7.94454,99.14363
810402,7.93037,99.26619
810403,7.80052,99.22123
810404,7.73406,99.25847
810405,7.85475,99.12755
810406,8.06708,99.21208
810407,8.07195,99.13905
810501,8.37138,98.70856
810502,8.32854,98.66648
810503,8.51124,98.71182
810504,8.31646,98.85162
810505,8.28461,98.74138
810506,8.39901,98.79589
810507,8.45936,98.71349
810508,8.38392,98.88352
810509,8.34770,98.78990
810601,8.56494,98.88849
810602,8.57321,98.81312
810603,8.60648,98.74700
810604,8.45159,98.83903
810701,8.03186,99.32909
810702,8.10223,99.35760
810703,8.04551,99.28846
810704,8.00209,99.37710
810801,8.08287,98.99161
810802,7.86026,99.02279
810803,7.95306,99.03814
810804,8.03600,98.98197
810805,8.08692,99.07735
810806,7.97540,98.96829
810807,8.01241,99.06599
810808,8.15784,99.07383
820101,8.45019,98.52919
820102,8.53237,98.50812
820103,8.44893,98.54231
820104,8.43386,98.56382
820105,8.42493,98.48636
820106,8.60753,98.55586
820107,8.54498,98.43593
820108,8.36886,98.50430
820109,8.49580,98.46556
820201,8.13402,98.60916
820202,8.07025,98.56357
820203,7.96157,98.58974
820301,8.65116,98.47538
820302,8.71314,98.44398
820303,8.69862,98.36510
820304,8.73496,98.53121
820305,8.81653,98.47983
820401,8.40914,98.41482
820402,8.38533,98.44874
820403,8.32093,98.39573
820404,8.26633,98.39202
820405,8.22388,98.36073
820406,8.26107,98.30757
820407,8.18970,98.41501
820501,8.84983,98.34788
820502,8.91902,98.37226
820503,8.79121,98.32895
820504,8.81896,98.29173
820505,8.78645,98.37631
820506,8.84561,98.38415
820507,8.69362,98.28050
820508,8.93931,98.27861
820601,9.26313,98.44599
820602,9.03665,98.39959
820603,9.09814,98.29083
820605,9.15849,98.41904
820701,8.51887,98.63025
820702,8.42975,98.64026
820703,8.46667,98.60369
820704,8.54891,98.58345
820705,8.55187,98.64932
820706,8.61051,98.64895
820801,8.43255,98.27871
820802,8.35080,98.30055
820803,8.41287,98.35232
820804,8.51633,98.31500
820805,8.58667,98.35880
820806,8.55517,98.23569
830101,7.88474,98.39788
830102,7.88042,98.38061
830103,7.95204,98.37677
830104,7.90024,98.40513
830105,7.85090,98.37899
830106,7.84722,98.34248
830107,7.79184,98.31788
830108,7.82608,98.30259
830201,7.91030,98.34038
830202,7.90284,98.30895
830203,7.94702,98.29179
830301,8.06445,98.33995
830302,7.98503,98.34880
830303,8.00716,98.30346
830304,8.04037,98.39689
830305,8.14835,98.31901
830306,8.07524,98.29051
840101,9.13861,99.32825
840102,9.10701,99.34827
840103,9.05063,99.30270
840104,9.02549,99.34997
840105,9.14938,99.29420
840106,9.19599,99.31629
840107,9.14425,99.25947
840108,9.19007,99.30598
840109,9.17414,99.26169
840110,9.15960,99.35824
840111,9.18406,99.34629
840201,9.17264,99.39478
840202,9.22329,99.55446
840203,9.16832,99.46043
840204,9.12215,99.39528
840205,9.09954,99.55194
840206,9.01933,99.47292
840207,9.18578,99.51470
840208,8.98681,99.53087
840209,9.16903,99.42912
840210,9.08705,99.45132
840211,9.11556,99.63086
840212,9.03882,99.40059
840213,8.98643,99.64494
840301,9.24738,99.69692
840302,9.24417,99.59895
840303,9.22938,99.63514
840304,9.13387,99.69725
840401,9.54282,99.95572
840402,9.50030,99.96306
840403,9.44864,99.94950
840404,9.45930,99.99314
840405,9.46069,100.02883
840406,9.53529,100.03167
840407,9.55320,99.99083
840501,9.75459,99.99562
840502,9.72922,100.04626
840503,10.09277,99.83987
840601,9.41295,99.18196
840602,9.38819,99.25620
840603,9.36225,99.19902
840604,9.38230,99.14488
840605,9.42311,99.22170
840606,9.44594,99.13962
840607,9.46236,99.21774
840608,9.39311,99.08167
840609,9.46125,98.97877
840701,9.59333,99.18522
840702,9.58381,99.05080
840703,9.56383,98.87450
840704,9.65238,99.08675
840705,9.51235,99.20864
840706,9.65181,98.91344
840801,9.06580,98.92829
840802,9.06918,98.99173
840803,9.14708,98.87941
840806,9.02016,98.86401
840807,9.06772,99.02361
840808,8.99619,98.95239
840809,8.98554,99.04861
840810,8.89582,98.97510
840901,8.92165,98.91547
840902,8.92830,98.85363
840903,8.96214,98.88163
840904,9.13139,98.64284
841001,8.82683,98.77787
841002,8.82954,98.87074
841003,8.80653,98.64666
841004,8.72609,98.71117
841005,8.86688,98.82205
841006,8.74577,98.83983
841101,9.25780,99.17477
841102,9.24864,99.10324
841103,9.21391,99.10157
841104,9.30895,99.18205
841105,9.30347,99.08962
841106,9.36948,98.85760
841201,8.81659,99.34926
841202,8.70996,99.40272
841203,8.90809,99.41716
841204,8.84205,99.45146
841205,8.77489,99.26881
841206,8.71356,99.30207
841207,8.87611,99.36570
841208,8.75349,99.36490
841209,8.78779,99.30289
841210,8.95778,99.40432
841211,8.76654,99.45962
841301,8.86329,99.29146
841302,8.94178,99.27325
841303,8.91090,99.23115
841304,8.92802,99.32445
841401,8.81993,99.16559
841402,8.68177,99.15558
841403,8.82924,99.22317
841404,8.74814,99.17871
841405,8.75609,99.00704
841501,8.65851,99.31886
841502,8.63850,99.41153
841503,8.51861,99.32526
841504,8.59080,99.29941
841505,8.56217,99.37782
841601,8.56232,99.22475
841602,8.51766,99.24134
841603,8.63033,98.98135
841604,8.56645,99.11989
841605,8.39724,99.21827
841606,8.61890,99.07482
841607,8.59161,99.17974
841701,9.05110,99.22302
841702,9.00209,99.25908
841703,9.20542,99.25454
841704,9.01450,99.11493
841705,9.01808,99.07769
841706,9.02379,99.16380
841707,8.93822,99.13495
841708,9.12528,99.19571
841709,9.11266,99.05489
841710,9.16249,99.21550
841711,9.09658,99.11607
841712,9.17179,99.10809
841713,9.13103,99.16611
841714,9.09475,99.16073
841715,9.06222,99.25902
841716,8.86282,99.10906
841801,8.48696,99.13418
841802,8.44011,99.09521
841803,8.50488,99.00632
841804,8.40420,99.09279
841901,9.20864,98.82379
841902,9.27630,98.85660
850101,9.96762,98.63840
850102,9.72497,98.59504
850103,9.82189,98.54995
850104,9.90294,98.62591
850105,10.01242,98.61532
850106,10.01570,98.66286
850107,9.89839,98.69687
850108,10.11996,98.67321
850109,9.74055,98.40353
850201,10.12310,98.77581
850202,10.04727,98.81171
850203,10.12758,98.72817
850204,10.01205,98.72870
850205,10.18155,98.79149
850206,10.02455,98.84647
850207,10.02996,98.88545
850301,9.60224,98.51593
850302,9.63113,98.60586
850303,9.61862,98.65705
850304,9.55626,98.72548
850305,9.50965,98.58029
850401,10.39036,98.84183
850402,10.42652,98.79368
850403,10.45971,98.84290
850404,10.58447,98.82949
850405,10.28612,98.84812
850406,10.63903,98.89072
850407,10.26408,98.75661
850501,9.45463,98.53815
850502,9.39876,98.41719
860101,10.49823,99.18060
860102,10.40882,99.24627
860103,10.43385,99.21775
860104,10.44154,99.18408
860105,10.50255,99.21370
860106,10.53806,99.22051
860107,10.46901,99.15560
860108,10.54333,99.17971
860109,10.56416,99.14207
860110,10.51991,99.13312
860111,10.49988,98.93700
860112,10.44438,98.99230
860113,10.46905,99.11613
860114,10.39498,99.14337
860115,10.37253,99.08487
860116,10.38516,99.26639
860117,10.41284,99.06346
860201,10.68056,99.14426
860202,10.74413,99.12143
860203,10.89380,99.16332
860204,10.61334,99.18474
860205,10.78821,98.97803
860206,10.65243,99.11869
860207,10.83174,99.13819
860208,10.64171,98.98077
860209,10.70754,99.20669
860210,10.94994,99.18812
860301,10.67047,99.28008
860302,10.72432,99.27116
860303,10.60259,99.24415
860304,10.74800,99.34794
860305,10.87041,99.35830
860306,10.89747,99.47161
860307,10.91492,99.36050
860401,9.95212,99.07820
860402,9.93516,99.07820
860403,9.92620,99.04639
860404,10.01079,98.97104
860405,9.87097,99.12387
860406,9.85712,99.03999
860407,9.92533,99.13395
860408,10.02119,99.14960
860409,9.95418,99.14872
860410,9.92910,99.09665
860411,9.96274,99.10741
860412,9.97854,99.02100
860413,9.96200,98.96177
860501,9.75523,99.09671
860502,9.79943,99.06666
860503,9.71615,99.10732
860504,9.75177,99.01306
860601,9.81722,98.80277
860602,9.73051,98.70237
860603,9.91406,98.91601
860604,9.88016,98.88833
860701,10.20126,99.10206
860702,10.25178,99.06370
860703,10.29383,98.95419
860704,10.21548,99.14704
860705,10.27422,99.14018
860706,10.24069,99.19035
860707,10.30794,99.04643
860708,10.34617,99.01933
860709,10.18358,99.01617
860710,10.22374,98.91701
860711,10.12971,98.89565
860801,10.12503,99.13294
860802,10.12558,99.08739
860803,10.05474,99.03080
860804,10.11295,99.00925
900101,7.20091,100.59429
900102,7.15394,100.61456
900103,7.11064,100.63762
900104,7.10757,100.58502
900105,7.05272,100.62812
900106,7.16347,100.53215
900201,7.46916,100.43672
900202,7.50895,100.42678
900203,7.54868,100.41630
900204,7.58129,100.40627
900205,7.60325,100.38702
900206,7.54241,100.38219
900207,7.46008,100.40574
900208,7.39529,100.42022
900209,7.38231,100.46066
900210,7.40512,100.45461
900211,7.43518,100.44636
900301,6.91084,100.74761
900302,6.91870,100.71435
900303,6.83121,100.78349
900304,6.94044,100.78901
900305,6.89609,100.65058
900306,7.04362,100.69286
900307,6.80647,100.63313
900308,6.78951,100.69996
900309,6.80279,100.74561
900310,7.00621,100.66233
900311,6.85687,100.67807
900312,6.84585,100.61859
900313,6.95520,100.65734
900314,6.96741,100.74165
900401,6.70984,100.77301
900402,6.76496,100.71039
900403,6.78178,100.66355
900404,6.73677,100.60822
900405,6.67917,100.66687
900406,6.68556,100.71655
900407,6.59530,100.74907
900408,6.56744,100.66495
900409,6.50411,100.67083
900410,6.63285,100.61108
900501,6.83360,100.94094
900502,6.82480,101.00765
900503,6.85667,100.89585
900504,6.71904,100.91759
900505,6.74876,100.99485
900506,6.77041,100.85290
900507,6.88835,100.82550
900601,6.63505,100.92884
900602,6.53934,100.88920
900603,6.63504,100.98751
900604,6.63928,101.06112
900605,6.51849,100.96149
900606,6.61027,100.83309
900607,6.49412,100.79053
900608,6.39252,100.87032
900609,6.54531,101.02605
900701,7.75022,100.30638
900702,7.90929,100.31529
900703,7.83215,100.25636
900704,7.84129,100.33850
900705,7.81090,100.30246
900706,7.64065,100.38171
900707,7.76576,100.35808
900708,7.71934,100.35458
900709,7.71223,100.37741
900710,7.66895,100.37558
900711,7.80245,100.22252
900712,7.88219,100.29079
900801,7.56076,100.29318
900802,7.67952,100.29107
900803,7.59149,100.35298
900804,7.59700,100.32760
900901,7.07635,100.28385
900902,7.09052,100.23410
900903,7.17184,100.26172
900904,7.18439,100.31603
900909,7.00711,100.14208
901001,6.64431,100.39395
901002,6.68497,100.46971
901003,6.78365,100.46523
901004,6.56166,100.51513
901005,6.75653,100.34885
901006,6.78904,100.41855
901007,6.73508,100.26858
901008,6.58282,100.37980
901009,6.77018,100.53364
901101,7.01545,100.47507
901102,6.97637,100.41225
901103,7.13046,100.48040
901104,7.01186,100.50829
901105,7.05000,100.47725
901107,7.04440,100.44653
901108,6.98993,100.27824
901111,7.02801,100.53748
901112,6.91996,100.27047
901113,7.05150,100.57036
901114,7.10708,100.53224
901116,6.92597,100.48475
901118,6.83707,100.51873
901201,6.96886,100.52371
901202,6.99531,100.58654
901203,6.91632,100.54452
901204,6.92293,100.58741
901301,7.17969,100.36722
901302,7.22600,100.39317
901303,7.27908,100.37157
901304,7.13038,100.38997
901401,7.13376,100.44550
901402,7.04178,100.37236
901403,7.09467,100.45355
901404,7.07578,100.45094
901501,7.26632,100.52382
901502,7.21430,100.52711
901503,7.23540,100.50739
901504,7.30219,100.47334
901505,7.30502,100.50056
901506,7.31028,100.44220
901507,7.27430,100.43651
901508,7.24068,100.47086
901509,7.20941,100.57094
901510,7.34737,100.43453
901511,7.34622,100.47694
901601,6.84329,100.31976
901602,6.88756,100.43777
901603,6.87982,100.40962
901604,6.88201,100.31246
910101,6.61494,100.07056
910102,6.62142,100.13193
910103,6.62792,100.03302
910104,6.68159,100.04947
910105,6.72810,100.03671
910106,6.56053,99.22369
910107,6.60417,99.96372
910108,6.69219,99.97225
910109,6.56089,100.04244
910110,6.50847,100.12537
910111,6.76947,100.01864
910112,6.70103,100.09638
910201,6.81197,100.06424
910202,6.76629,100.09775
910203,6.76612,100.06446
910204,6.75016,100.16352
910301,6.88683,100.14738
910302,6.96480,100.04209
910303,6.90712,99.93105
910401,6.79607,99.97408
910402,6.85257,99.92555
910403,6.78533,99.86805
910404,6.80392,99.91798
910501,6.94392,99.77797
910502,6.84309,99.81770
910503,6.94296,99.82115
910504,6.86971,99.73247
910505,7.00095,99.84770
910506,6.94556,99.71196
910601,7.13342,99.90136
910602,7.03381,99.74222
910603,6.99651,99.69085
910604,7.04552,99.69358
910605,7.04480,99.82204
910701,7.03912,99.92880
910702,6.95058,99.93709
920101,7.56142,99.62197
920104,7.60138,99.66693
920105,7.52954,99.63629
920106,7.54048,99.66585
920107,7.50452,99.60436
920108,7.56583,99.66841
920109,7.55672,99.57749
920110,7.51379,99.62013
920113,7.55603,99.52604
920114,7.61240,99.49130
920115,7.66936,99.72128
920117,7.58173,99.59061
920118,7.59788,99.63815
920119,7.64738,99.61361
920120,7.63852,99.55518
920201,7.40787,99.51610
920202,7.51423,99.56324
920203,7.46855,99.56200
920204,7.41278,99.53963
920205,7.35174,99.55681
920206,7.34769,99.51299
920207,7.50457,99.47353
920208,7.47338,99.49183
920209,7.46831,99.53896
920210,7.42285,99.47874
920211,7.40761,99.39681
920212,7.32997,99.46642
920213,7.24391,99.39628
920214,7.43549,99.58982
920301,7.40381,99.67353
920302,7.41329,99.71627
920303,7.47690,99.78903
920304,7.37608,99.73645
920305,7.40270,99.83667
920306,7.39316,99.62756
920307,7.47200,99.64809
920308,7.44870,99.69679
920401,7.16885,99.68939
920402,7.20218,99.72728
920403,7.28283,99.86652
920404,7.33711,99.73359
920407,7.31318,99.66227
920409,7.22900,99.67643
920410,7.18244,99.81088
920411,7.10344,99.58071
920412,7.35242,99.66813
920413,7.31218,99.76211
920501,7.59175,99.34672
920502,7.64853,99.30850
920503,7.74095,99.32819
920504,7.49065,99.37951
920505,7.55081,99.46233
920601,7.77788,99.63469
920602,7.86256,99.59940
920605,7.83254,99.49789
920606,7.78733,99.44728
920607,7.80270,99.56318
920608,7.81089,99.62060
920609,7.79197,99.70434
920610,7.71282,99.68156
920611,7.73568,99.59374
920614,7.84563,99.66062
920615,7.69601,99.58259
920616,7.74493,99.51751
920617,7.89185,99.57831
920619,7.86497,99.72551
920620,7.76538,99.57551
920621,7.80278,99.46528
920701,7.64980,99.45707
920702,7.67477,99.39379
920703,7.85736,99.36561
920704,7.68140,99.52064
920705,7.73769,99.40610
920801,7.56478,99.70237
920802,7.54392,99.79430
920803,7.59178,99.74357
920804,7.50232,99.71142
920805,7.60966,99.69696
920806,7.53255,99.71518
920901,7.95004,99.60743
920902,7.98069,99.63632
920903,7.98103,99.70189
920904,7.89828,99.67153
920905,7.94788,99.70709
921001,7.25506,99.56095
921002,7.27027,99.60878
921003,7.18129,99.60304
930101,7.61795,100.07701
930103,7.62055,100.04064
930104,7.58932,100.04579
930105,7.61411,100.00285
930106,7.58770,100.00858
930107,7.64734,100.06148
930108,7.54593,100.04568
930109,7.65427,100.17397
930110,7.57249,100.08340
930111,7.58625,100.12069
930112,7.55880,100.00834
930113,7.69503,100.09842
930114,7.48247,100.02639
930115,7.64913,100.10388
930201,7.47750,99.92219
930202,7.47403,99.99081
930203,7.38648,99.94989
930204,7.43185,99.91598
930205,7.50466,99.98919
930301,7.42533,100.08990
930302,7.49565,100.09467
930305,7.50193,100.21825
930306,7.52076,100.15314
930307,7.42275,100.02467
930401,7.33075,100.09380
930402,7.28590,99.99665
930403,7.25845,100.07592
930501,7.75712,100.01087
930502,7.82817,100.14043
930504,7.68749,99.94840
930505,7.67471,100.02361
930506,7.83106,100.04108
930508,7.79497,100.02362
930509,7.71493,100.01852
930510,7.71562,99.96692
930511,7.72347,100.07228
930512,7.76108,100.13828
930513,7.76755,99.95433
930516,7.65202,100.00532
930601,7.32953,100.33567
930602,7.28622,100.32620
930603,7.34423,100.38660
930604,7.45786,100.33191
930605,7.37286,100.25745
930606,7.27760,100.24751
930607,7.24836,100.30092
930701,7.74551,99.88127
930702,7.70100,99.83449
930703,7.65101,99.91029
930801,7.33012,100.16060
930802,7.22078,100.25076
930803,7.20851,100.07952
930804,7.17260,100.12971
930806,7.30143,100.22007
930901,7.43336,100.14563
930902,7.43703,100.22732
930903,7.39323,100.14921
931001,7.86780,99.95069
931002,7.84676,99.78029
931003,7.80463,99.84704
931004,7.80435,99.93892
931101,7.60339,99.94129
931102,7.56310,99.87331
931103,7.54355,99.97697
931104,7.53096,99.94898
940101,6.87561,101.25200
940102,6.86871,101.25791
940103,6.85701,101.25124
940104,6.87805,101.27211
940105,6.87566,101.30840
940106,6.85086,101.29815
940107,6.84877,101.31435
940108,6.86921,101.31775
940109,6.83777,101.23317
940110,6.87571,101.23468
940111,6.85129,101.27220
940112,6.83008,101.26857
940113,6.81302,101.26630
940201,6.74184,101.05552
940202,6.73438,101.11953
940203,6.75413,101.09725
940204,6.71082,101.09108
940205,6.66263,101.09251
940206,6.67316,101.13931
940207,6.61990,101.18132
940208,6.64433,101.16410
940211,6.76969,101.06668
940213,6.74558,101.15916
940214,6.70613,101.18151
940215,6.68095,101.07422
940301,6.81322,101.20499
940302,6.74944,101.21826
940303,6.83815,101.20601
940304,6.71692,101.23940
940305,6.82763,101.17796
940306,6.82587,101.07101
940307,6.78644,101.14727
940308,6.82999,101.13285
940309,6.85917,101.16335
940310,6.78786,101.19332
940311,6.78021,101.24694
940312,6.79443,101.22864
940401,6.86356,101.49014
940402,6.83718,101.48237
940403,6.81370,101.47736
940404,6.78140,101.48594
940405,6.75512,101.49479
940406,6.77019,101.51669
940407,6.79674,101.52570
940408,6.79196,101.54824
940409,6.83673,101.51654
940410,6.80778,101.56911
940501,6.71799,101.41735
940502,6.74972,101.41847
940503,6.69915,101.38336
940504,6.75992,101.44438
940505,6.65180,101.39967
940506,6.73764,101.47553
940507,6.75370,101.38741
940508,6.72703,101.38289
940509,6.67806,101.36018
940510,6.75284,101.34432
940511,6.74834,101.35810
940512,6.73242,101.44524
940513,6.71794,101.33388
940601,6.60277,101.40463
940602,6.67411,101.47137
940603,6.60997,101.44635
940604,6.63004,101.47390
940701,6.69569,101.63003
940702,6.68311,101.59310
940703,6.72067,101.60816
940704,6.76295,101.58240
940705,6.72301,101.57017
940706,6.69050,101.54707
940707,6.64584,101.55499
940708,6.65661,101.62277
940709,6.65031,101.59554
940710,6.74485,101.55033
940711,6.72035,101.51644
940801,6.60521,101.66867
940802,6.65144,101.65736
940803,6.63220,101.64759
940804,6.60516,101.69647
940901,6.78323,101.35317
940902,6.87890,101.41342
940903,6.81260,101.42403
940904,6.78873,101.45850
940905,6.80483,101.45032
940906,6.84332,101.33702
940907,6.79094,101.39019
940908,6.85839,101.36458
940909,6.87235,101.35096
940910,6.85047,101.40505
940911,6.83184,101.38109
940912,6.77241,101.38304
940913,6.78296,101.43668
940914,6.82049,101.44383
940915,6.81405,101.40002
940916,6.81797,101.35043
940917,6.84348,101.44657
940918,6.92447,101.31387
941001,6.76952,101.28664
941002,6.82266,101.31157
941003,6.79678,101.28414
941004,6.78636,101.32359
941005,6.75890,101.31887
941006,6.73909,101.28331
941007,6.73973,101.31582
941008,6.71435,101.30253
941009,6.73243,101.26572
941010,6.66659,101.30303
941011,6.66848,101.33338
941012,6.59729,101.33519
941101,6.58011,101.54742
941102,6.61065,101.56018
941103,6.62939,101.52290
941201,6.64482,101.23360
941202,6.67929,101.25887
941203,6.68710,101.21123
950101,6.54970,101.28170
950102,6.49353,101.30508
950103,6.59347,101.27931
950104,6.54908,101.18031
950106,6.52261,101.17841
950108,6.54229,101.24328
950109,6.58398,101.21033
950110,6.52592,101.22538
950111,6.59084,101.14952
950112,6.50907,101.21346
950114,6.55985,101.22452
950115,6.48437,101.25588
950116,6.52553,101.29109
950118,6.63751,101.27056
950201,5.78780,101.03431
950202,5.75120,101.18876
950203,5.85081,101.09560
950204,5.93027,101.17770
950205,5.73233,101.08378
950301,6.27194,101.24096
950302,6.22550,101.30551
950303,6.35286,101.33046
950304,6.23618,101.15221
950305,6.27964,101.34388
950306,6.18059,101.34982
950401,6.16700,101.22317
950402,6.11097,101.23554
950403,6.01938,101.22591
950404,6.15149,101.11076
950501,6.50303,101.12209
950502,6.43901,101.18456
950503,6.34193,101.14489
950504,6.43123,101.09940
950506,6.56385,101.10421
950507,6.52696,101.15504
950508,6.50071,101.05967
950601,6.48992,101.42097
950602,6.46432,101.37172
950603,6.37615,101.38452
950604,6.49413,101.38806
950605,6.44724,101.34478
950606,6.55262,101.52658
950607,6.49701,101.53462
950608,6.56617,101.46161
950609,6.50882,101.34884
950610,6.44013,101.43806
950611,6.48091,101.33976
950612,6.41409,101.34016
950613,6.42717,101.38398
950614,6.54820,101.37783
950615,6.52141,101.45048
950616,6.48033,101.47703
950701,6.44302,101.00805
950702,6.32946,100.97667
950801,6.42322,101.28709
950802,6.40572,101.23398
950803,6.33743,101.26150
950804,6.45223,101.23283
960101,6.42453,101.82772
960102,6.38550,101.80402
960103,6.36212,101.75708
960104,6.32494,101.80045
960105,6.33680,101.87818
960106,6.39965,101.86239
960107,6.50409,101.74723
960201,6.25617,102.04302
960202,6.31488,101.94811
960203,6.21687,102.01899
960204,6.28559,102.00848
960205,6.22952,101.96370
960206,6.21941,102.06138
960207,6.13898,102.06938
960208,6.17489,102.03453
960301,6.51498,101.63863
960302,6.49384,101.66903
960303,6.54883,101.63940
960304,6.60822,101.61307
960305,6.57628,101.63111
960306,6.54102,101.69821
960401,6.37906,101.70277
960402,6.38935,101.74238
960403,6.38136,101.65612
960404,6.41996,101.66649
960405,6.43974,101.72589
960406,6.46602,101.67870
960501,6.30779,101.73155
960502,6.28440,101.77520
960506,6.18890,101.74552
960507,6.22562,101.65570
960508,6.28383,101.68862
960509,6.31281,101.65104
960510,6.34258,101.64316
960601,6.36024,101.51764
960602,6.42859,101.50831
960603,6.38572,101.44510
960604,6.42475,101.59765
960605,6.34022,101.44004
960606,6.35655,101.57848
960607,6.39205,101.56133
960608,6.27225,101.44515
960609,6.47072,101.58674
960701,6.22309,101.55787
960702,6.28694,101.51477
960703,6.15648,101.47087
960704,6.27864,101.57287
960705,6.20855,101.41952
960706,6.15383,101.57500
960801,5.93347,101.85171
960802,5.97893,101.90743
960803,5.90501,101.90565
960804,5.82781,101.84623
960805,5.88424,101.82096
960806,5.96870,101.84062
960901,5.87893,101.71125
960902,5.94845,101.70787
960903,5.98904,101.77116
960904,5.79860,101.72953
960905,6.03784,101.75218
961001,6.01096,101.95062
961002,6.05835,101.98129
961003,6.09865,102.04142
961004,6.11260,102.00251
961101,6.08215,101.88864
961102,6.17808,101.92276
961103,6.12317,101.85852
961104,6.03755,101.81774
961105,6.08388,101.83614
961106,6.01468,101.89969
961201,6.07399,101.70919
961202,6.13773,101.65015
961203,6.12388,101.78913
961204,5.99858,101.57884
961301,6.24839,101.81086
961302,6.17821,101.82429
961303,6.24844,101.87486
